Reaction,ID,Subsystem,WT_force_RL_mean,RhlA_mean,AbsDiff,Diff,RelDiff,pval,-logpval
5drib_c --> ,DM_5DRIB,,0.0002758098519141802,0.0002793217200046736,3.5118680904933563e-06,3.5118680904933563e-06,0.01273293200413339,0.040736099049261135,3.200640625118023
3oxoadp_e --> ,EX_3oxoadp_e_,S_,0.06160553266353884,0.05467535741339628,0.006930175250142556,-0.006930175250142556,-0.11249274132555585,0.009292212001849178,4.678578648810226
4hbz_e --> ,EX_4hbz_e_,S_,0.035250036685752495,0.039808129260051416,0.004558092574298921,0.004558092574298921,0.12930745618603084,0.0423595956843132,3.1615603030462958
akg_e --> ,EX_akg_e_,S_,0.22331973052230625,0.2601633697301295,0.03684363920782324,0.03684363920782324,0.16498156755631194,4.922386763719044e-07,14.524302123507097
h2s_e --> ,EX_h2s_e_,S_,0.06410438455031509,0.05534672466001375,0.008757659890301334,-0.008757659890301334,-0.13661561454392418,0.009989269326117786,4.606243829525324
h_e --> ,EX_h_e_,S_,16.232342225600302,16.347692047316595,0.11534982171629338,0.11534982171629338,0.007106172363368067,0.04779331626057741,3.040869476446032
phpyr_e --> ,EX_phpyr_e_,S_,0.029859346608649605,0.02543339125822023,0.004425955350429375,-0.004425955350429375,-0.14822679841049408,0.004166416344250793,5.480699002526519
so4_e <=> ,EX_so4_e_,S_,-0.11159325004302327,-0.10338276600845915,0.00821048403456412,0.00821048403456412,-0.07357509554922613,0.012457320709717093,4.385446820068245
llrhh_e --> ,EX_llrhh_e_,S_,0.011066984336247783,0.0,0.011066984336247783,-0.011066984336247783,-1.0,5.6499622495675465e-118,269.97339210965384
lrhh_e --> ,EX_lrhh_e_,S_,0.004234435954792157,0.0,0.004234435954792157,-0.004234435954792157,-1.0,3.240412048707059e-26,58.6915119206002
haa_e --> ,EX_haa_e_,S_,0.003337316647167244,0.0,0.003337316647167244,-0.003337316647167244,-1.0,8.437655221949216e-09,18.590561384241518
34dhbz_e --> ,EX_34dhbz_e_,S_,0.05313987181158643,0.06737695380999459,0.01423708199840816,0.01423708199840816,0.26791713101769205,6.732374821117058e-06,11.908582605657864
dtdp4d6dg_c --> dtdp4d6dm_c,TDPDRE,S_Alginate_biosynthesis,0.026368404626733365,0.0,0.026368404626733365,-0.026368404626733365,-1.0,6.9399829685434055e-140,320.42461369875105
dtdpglu_c --> dtdp4d6dg_c + h2o_c,TDPGDH,S_Alginate_biosynthesis,0.026368404626733365,0.0,0.026368404626733365,-0.026368404626733365,-1.0,6.9399829685434055e-140,320.42461369875105
dttp_c + g1p_c + h_c --> dtdpglu_c + ppi_c,G1PTT,S_Alginate_biosynthesis,0.026368404626733365,0.0,0.026368404626733365,-0.026368404626733365,-1.0,1.3076336744160411e-139,319.79110877779414
2mcit_c --> 2mcacn_c + h2o_c,MCITD,S_Alternate_Carbon__Propanoate_Metabolism,0.2666432971068595,0.25460113738579415,0.01204215972106537,-0.01204215972106537,-0.04516205676919519,0.038018571482130524,3.269680515428084
micit_c <=> pyr_c + succ_c,MCITL2,S_Alternate_Carbon__Propanoate_Metabolism,0.2666432971068595,0.25460113738577556,0.012042159721083967,-0.012042159721083967,-0.045162056769264936,0.038018571482130524,3.269680515428084
2mcacn_c + h2o_c <=> micit_c,MICITDr,S_Alternate_Carbon__Propanoate_Metabolism,0.2666432971012556,0.2546011374654852,0.012042159635770433,-0.012042159635770433,-0.04516205645026029,0.03698025065584026,3.297371274900098
h2o_c + oaa_c + ppcoa_c --> 2mcit_c + coa_c + h_c,MCITS,S_Alternate_Carbon__Propanoate_Metabolism,0.2666432971068595,0.25460113738579415,0.01204215972106537,-0.01204215972106537,-0.04516205676919519,0.038018571482130524,3.269680515428084
etha_c --> acald_c + nh4_c,ETHAAL,S_Alternate_Carbon_and_Nitrogen_source__Amines_and_Polyamines_Metabolism,0.18719047988081194,0.19430822596286385,0.007117746082051901,0.007117746082051901,0.03802408160171349,0.011615354626132045,4.455427381488264
alltt_c + 2.0 h2o_c + 2.0 h_c --> co2_c + 2.0 nh4_c + urdglyc_c,ALLTAMH,S_Alternate_Carbon_and_Nitrogen_source__Nucleotide_Metabolism,0.04787348870506134,0.03803510004834586,0.009838388656715484,-0.009838388656715484,-0.20550807812081048,1.3683327692542243e-08,18.10708770195425
alltn_c + h2o_c --> alltt_c + h_c,ALLTN,S_Alternate_Carbon_and_Nitrogen_source__Nucleotide_Metabolism,0.04787348870506134,0.03803510004834586,0.009838388656715484,-0.009838388656715484,-0.20550807812081048,1.3683327692542243e-08,18.10708770195425
h2o_c + o2_c + urate_c --> h2o2_c + h_c + hiu_c,URIC2,S_Alternate_Carbon_and_Nitrogen_source__Nucleotide_Metabolism,0.16415387209643573,0.15491568834216943,0.0092381837542663,-0.0092381837542663,-0.05627758660995294,0.0003839066207908258,7.865111209972278
h2o_c + 2.0 h_c + urdglyc_c --> co2_c + glx_c + 2.0 nh4_c,UGLYCH,S_Alternate_Carbon_and_Nitrogen_source__Nucleotide_Metabolism,0.04787348870506134,0.03803510004834586,0.009838388656715484,-0.009838388656715484,-0.20550807812081048,2.0847452129302578e-09,19.98861918919613
h_c + ohcu_c --> alltn_c + co2_c,OHCUDC,S_Alternate_Carbon_and_Nitrogen_source__Nucleotide_Metabolism,0.16415387209643573,0.15491568834216943,0.0092381837542663,-0.0092381837542663,-0.05627758660995294,0.0005097715573943944,7.581547859272682
h2o_c + hiu_c <=> ohcu_c,HIUHY,S_Alternate_Carbon_and_Nitrogen_source__Nucleotide_Metabolism,0.16415387209643573,0.15491568835152922,0.009238183744906509,-0.009238183744906509,-0.05627758655293454,0.0006343005985767394,7.362987585644055
34dhbz_c + o2_c --> CCbuttc_c + 2.0 h_c,PCADYOX,S_Aromatic_Compounds_Degradation__B_Ketoadipate_pathway,0.06160553253312388,0.054675357286160485,0.006930175246963398,-0.006930175246963398,-0.11249274151209068,0.004205675891628927,5.471320263246893
5odhf2a_c + h2o_c --> 3oxoadp_c + h_c,OXOAEL,S_Aromatic_Compounds_Degradation__B_Ketoadipate_pathway,0.06160553266353884,0.05467535741339628,0.006930175250142556,-0.006930175250142556,-0.11249274132555585,0.004303668326106087,5.448287520870391
CCbuttc_c + h_c --> 4cml_c,MUCCY_kt,S_Aromatic_Compounds_Degradation__B_Ketoadipate_pathway,0.06160553253312388,0.054675357286160485,0.006930175246963398,-0.006930175246963398,-0.11249274151209068,0.00468215960620044,5.363995821173549
o2_c + phe_L_c + thmnp_c --> dhmpt_c + h2o_c + tyr_L_c,PHETHPTOX3,S_Aromatic_Compounds_Degradation__Homogentisate_pathway,0.06122586073863921,0.06469057866261264,0.0034647179239734316,0.0034647179239734316,0.05658912561088541,0.03564207464700059,3.334228466878432
akg_c + tyr_L_c <=> 34hpp_c + glu_L_c,TYRTA,S_Aromatic_Compounds_Degradation__Homogentisate_pathway,0.03794290880764052,0.041201051577828204,0.003258142770187683,0.003258142770187683,0.08586960969981286,0.04442799299433414,3.1138855353631016
h_c + nadph_c + ukquivo_c --> nadp_c + uquivo_c,UKQUIVORy,S_Cell_Envelope_Biosynthesis__O_antigen_Biosynthesis,0.0007596778954444357,0.0007982662147392275,3.858831929479188e-05,3.858831929479188e-05,0.050795632630875075,0.0030955080181691093,5.777803244742114
h_c + nadh_c + ukquivo_c --> nad_c + uquivo_c,UKQUIVORx,S_Cell_Envelope_Biosynthesis__O_antigen_Biosynthesis,0.0011598384290204945,0.0011138218361585004,4.601659286199416e-05,-4.601659286199416e-05,-0.03967500275090561,0.0004079109827109185,7.804461586994853
atp_c + h2o_c + unquivo_c --> adp_c + h_c + pi_c + unquivo_p,OSKTabcpp,S_Cell_Envelope_Biosynthesis__O_antigen_Biosynthesis,0.0004984658565050347,0.0005502263283072414,5.1760471802206765e-05,5.1760471802206765e-05,0.10383955315439738,1.0467488559228246e-05,11.467236432034055
unquivo_c --> unquivo_p,OSKTpp,S_Cell_Envelope_Biosynthesis__O_antigen_Biosynthesis,0.001419162467577795,0.001351427535474361,6.7734932103434e-05,-6.7734932103434e-05,-0.04772880741346194,1.2294283405347857e-08,18.214131446397065
h2o_p + murein3px3p_p --> murein3p3p_p,MLDEP1pp,S_Cell_Envelope_Biosynthesis__Peptidoglycan_Biosynthesis,6.518284592807992e-05,7.011379097819373e-05,4.930945050113817e-06,4.930945050113817e-06,0.07564789447141385,0.002901086881684365,5.842669825417022
h2o_p + murein5p3p_p --> ala_D_p + murein4p3p_p,MDDCP5pp,S_Cell_Envelope_Biosynthesis__Peptidoglycan_Biosynthesis,0.00011970910397288716,0.00011378236610864176,5.926737864245395e-06,-5.926737864245395e-06,-0.049509499842115084,0.005396682341361606,5.221970895450726
h2o_p + murein5px3p_p --> alaala_p + murein3px3p_p,MLDCP3App,S_Cell_Envelope_Biosynthesis__Peptidoglycan_Biosynthesis,6.518284592807992e-05,7.011379097819373e-05,4.930945050113817e-06,4.930945050113817e-06,0.07564789447141385,0.002901086881684365,5.842669825417022
h2o_p + murein5p5p_p --> alaala_p + murein5p3p_p,MLDCP2App,S_Cell_Envelope_Biosynthesis__Peptidoglycan_Biosynthesis,4.59932373311551e-05,4.1694970108347926e-05,4.298267222807174e-06,-4.298267222807174e-06,-0.09345433094564089,0.002470368813152975,6.003387822422953
cpppg3_c + 2.0 h_c + o2_c --> 2.0 co2_c + 2.0 h2o_c + pppg9_c,CPPPGO,S_Cofactor_and_Prosthetic_Group_Biosynthesis__Porphyrin_and_Chlorophyll_Metabolism,5.5893088746896234e-05,5.315459940026317e-05,2.738489346633066e-06,-2.738489346633066e-06,-0.048995133531337276,0.0003638325936343962,7.918816703715282
2.0 amet_c + cpppg3_c --> 2.0 co2_c + 2.0 dad_5_c + 2.0 met_L_c + pppg9_c,CPPPGO2,S_Cofactor_and_Prosthetic_Group_Biosynthesis__Porphyrin_and_Chlorophyll_Metabolism,5.642217593848238e-05,5.8743849982463804e-05,2.321674043981424e-06,2.321674043981424e-06,0.04114825430541294,0.013184298317115567,4.328728678862611
h2mb4p_c + h_c + nadh_c --> h2o_c + ipdp_c + nad_c,IPDPS,S_Cofactor_and_Prosthetic_Group_Biosynthesis__Terpenoid_backbone_biosynthesis,0.00016556268392927867,0.00018231825143961126,1.675556751033259e-05,1.675556751033259e-05,0.10120376834123959,1.322479057389407e-05,11.233417415967672
ipdp_c <=> dmpp_c,IPDDI,S_Cofactor_and_Prosthetic_Group_Biosynthesis__Terpenoid_backbone_biosynthesis,-0.0002684094126186204,-0.0002534906509787681,1.491876163985231e-05,1.491876163985231e-05,-0.05558211053145961,0.0002457053438770349,8.311377529072379
h2mb4p_c + h_c + nadh_c --> dmpp_c + h2o_c + nad_c,DMPPS,S_Cofactor_and_Prosthetic_Group_Biosynthesis__Terpenoid_backbone_biosynthesis,0.00035344557561537587,0.00033888745467839987,1.4558120936976001e-05,-1.4558120936976001e-05,-0.041189144641658605,0.0018657776699844435,6.284077331573966
chor_c --> 4hbz_c + pyr_c,CHRPL,S_Cofactor_and_Prosthetic_Group_Biosynthesis__Ubiquinone_biosynthesis,0.042671158497883076,0.047889528470416616,0.00521836997253354,0.00521836997253354,0.1222926715896974,0.049320250315754016,3.0094205253591726
3oodcoa_c + coa_c --> accoa_c + pmtcoa_c,KAT8,S_Fatty_Acid_Metabolism,0.35017602580502655,0.3707640595826142,0.020588033777587667,0.020588033777587667,0.058793384642073745,4.4482549502253926e-05,10.020413591718201
3otdcoa_c + coa_c --> accoa_c + ddcacoa_c,KAT6,S_Fatty_Acid_Metabolism,0.07627895542545851,0.09357417634296887,0.01729522091751036,0.01729522091751036,0.22673646775894346,0.017261304235644266,4.05928803212349
3oddcoa_c + coa_c --> accoa_c + dcacoa_c,KAT5,S_Fatty_Acid_Metabolism,0.0680572344581429,0.09229376517213002,0.02423653071398711,0.02423653071398711,0.3561198292430359,0.00038696623641429166,7.857173113148022
dcacoa_c + fad_c <=> dc2coa_c + fadh2_c,ACOAD4f,S_Fatty_Acid_Metabolism,0.07772866813039167,0.10332799361372848,0.025599325483336807,0.025599325483336807,0.32934213462133866,0.008461591585429388,4.772217992392947
fad_c + stcoa_c <=> fadh2_c + od2coa_c,ACOAD8f,S_Fatty_Acid_Metabolism,0.35017602580502655,0.3707640595826142,0.020588033777587667,0.020588033777587667,0.058793384642073745,0.00032490795532271307,8.031968630138959
atp_c + coa_c + h_p + ocdca_p --> amp_c + h_c + ppi_c + stcoa_c,FACOAL180t2pp,S_Fatty_Acid_Metabolism,0.35017602580502655,0.3707640595825037,0.020588033777477144,0.020588033777477144,0.05879338464175812,0.0032490795535063326,5.72938353705898
atp_c + coa_c + h_p + hdca_p --> amp_c + h_c + pmtcoa_c + ppi_c,FACOAL160t2pp,S_Fatty_Acid_Metabolism,0.24067093857882588,0.21017040845898008,0.030500530119845798,-0.030500530119845798,-0.12673125513181183,1.984182620327134e-05,10.827718413807716
tdecoa_c --> td2coa_c,TDECOAI,S_Fatty_Acid_Metabolism,0.0279709730983326,0.036201296107935085,0.008230323009602487,0.008230323009602487,0.2942451440880729,0.009177907963992486,4.6909559909533805
3hodcoa_c <=> h2o_c + od2coa_c,ECOAH8,S_Fatty_Acid_Metabolism,-0.35017602580502655,-0.3707640595826142,0.020588033777587667,-0.020588033777587667,0.058793384642073745,8.4027919480012e-05,9.384361439583168
3hodcoa_c + nad_c --> 3oodcoa_c + h_c + nadh_c,HACD8i,S_Fatty_Acid_Metabolism,0.35017602580502655,0.3707640595826142,0.020588033777587667,0.020588033777587667,0.058793384642073745,4.816424291380552e-05,9.940893660474602
hdcoa_c --> hdd2coa_c,HDCOAI,S_Fatty_Acid_Metabolism,0.04904668809112501,0.05889631856958587,0.00984963047846086,0.00984963047846086,0.20082152051043684,2.9435849477809152e-05,10.433297256453926
tdec2eACP_c <=> cdec3eACP_c,T2DECAI,S_Fatty_Acid__Biosynthesis,0.18242880574879364,0.21816538869560895,0.03573658294681531,0.03573658294681531,0.19589331191492287,0.013073473008208146,4.337170062986431
h_c + malACP_c + palmACP_c --> 3ooctdACP_c + ACP_c + co2_c,3OAS180,S_Fatty_Acid__Biosynthesis,0.3518697551617703,0.3724531036925446,0.02058334853077426,0.02058334853077426,0.05849706668113936,0.0032490795535063326,5.72938353705898
actACP_c + h_c + nadph_c <=> 3haACP_c + nadp_c,3OAR40,S_Fatty_Acid__Biosynthesis,0.16561797184361454,0.13207018926424402,0.03354778257937052,-0.03354778257937052,-0.20256124505043543,7.731070750747657e-10,20.98060355807917
accoa_c + h_c + malACP_c --> actACP_c + co2_c + coa_c,KAS15,S_Fatty_Acid__Biosynthesis,0.07808531854905587,0.05600731956848625,0.02207799898056962,-0.02207799898056962,-0.28274199799414873,5.962009738966331e-09,18.93785820818527
acACP_c + h_c + malACP_c --> ACP_c + actACP_c + co2_c,KAS14,S_Fatty_Acid__Biosynthesis,0.06560291687543593,0.049547531176078755,0.016055385699357175,-0.016055385699357175,-0.24473585114885163,1.5875258980174315e-06,13.353333792600864
3ooctdACP_c + h_c + nadph_c <=> 3hoctaACP_c + nadp_c,3OAR180,S_Fatty_Acid__Biosynthesis,0.3518697551617703,0.3724531036925446,0.02058334853077426,0.02058334853077426,0.05849706668113936,0.0032490795535063326,5.72938353705898
3hoctaACP_c --> h2o_c + toctd2eACP_c,3HAD180,S_Fatty_Acid__Biosynthesis,0.3518697551617703,0.3724531036925446,0.02058334853077426,0.02058334853077426,0.05849706668113936,0.0032490795535063326,5.72938353705898
h_c + nadph_c + toctd2eACP_c --> nadp_c + ocdcaACP_c,EAR180y,S_Fatty_Acid__Biosynthesis,0.3518697551617703,0.3724531036925446,0.02058334853077426,0.02058334853077426,0.05849706668113936,8.658106212187153e-05,9.354429448505801
h_c + nadph_c + t3c5ddeceACP_c --> cddec5eACP_c + nadp_c,EAR121y,S_Fatty_Acid__Biosynthesis,0.1228710892005533,0.14191495933009365,0.019043870129540355,0.019043870129540355,0.1549906512056426,0.030913405508197368,3.4765653539409827
for_c + nad_c --> co2_c + nadh_c,FDH,S_Formaldehyde_Metabolism,0.08401221252472413,0.09393858221708588,0.009926369692361756,0.009926369692361756,0.11815388970312506,0.00756585414556788,4.884110030571723
cdpdodecg_c + ser_L_c --> cmp_c + h_c + ps180_c,PSSA180,S_Glycerophospholipid_Metabolism,0.05496579703043983,0.06335902329564405,0.008393226265204223,0.008393226265204223,0.15269907321740628,3.6411524872536658e-09,19.430965588033086
glyc3p_c + palmACP_c --> 1hdecg3p_c + ACP_c,G3PAT160,S_Glycerophospholipid_Metabolism,0.04398919360661703,0.03411030083573047,0.009878892770886563,-0.009878892770886563,-0.2245754459431723,4.0671893064662215e-09,19.32031366414954
cdpdhdec9eg_c + ser_L_c --> cmp_c + h_c + ps161_c,PSSA161,S_Glycerophospholipid_Metabolism,0.0363716643254812,0.03963927423020981,0.003267609904728609,0.003267609904728609,0.08983943862143785,0.01224172617300839,4.402904984634791
cdpdhdecg_c + ser_L_c --> cmp_c + h_c + ps160_c,PSSA160,S_Glycerophospholipid_Metabolism,0.04540862928841706,0.04010640973545395,0.00530221955296311,-0.00530221955296311,-0.11676678279112054,0.0002362819033123095,8.350484960232182
h2o_p + pe181_p --> 2agpe181_p + h_p + vacc_p,PLIPA1E181d11pp,S_Glycerophospholipid_Metabolism,0.03142375704602357,0.02627072310033244,0.005153033945691131,-0.005153033945691131,-0.16398529106955423,0.005604042357115323,5.184267092164185
h_c + ps161_c --> co2_c + pe161_c,PSD161,S_Glycerophospholipid_Metabolism,0.0363716643254812,0.03963927423020981,0.003267609904728609,0.003267609904728609,0.08983943862143785,0.01224172617300839,4.402904984634791
h_c + ps160_c --> co2_c + pe160_c,PSD160,S_Glycerophospholipid_Metabolism,0.04540862928841706,0.04010640973545395,0.00530221955296311,-0.00530221955296311,-0.11676678279112054,0.0002362819033123095,8.350484960232182
h2o_p + pgp181_p --> pg181_p + pi_p,PGPP181pp,S_Glycerophospholipid_Metabolism,0.04298054032669767,0.04848629639921713,0.005505756072519463,0.005505756072519463,0.12809881008172258,0.0001411954954214116,8.865365135528664
h_c + palmACP_c + pi_c --> ACP_c + hdcap_c,ACPPAT160,S_Glycerophospholipid_Metabolism,0.07508419568975704,0.06879636756987799,0.0062878281198790464,-0.0062878281198790464,-0.08374369682083216,0.039716878343195386,3.2259790344546864
h2o_p + pg160_p --> 1agpg160_p + h_p + hdca_p,PLIPA2G160pp,S_Glycerophospholipid_Metabolism,0.06792400174260793,0.056609869695814004,0.011314132046793927,-0.011314132046793927,-0.1665704575190938,4.9271762773933345e-08,16.825914683195492
h2o_p + pe180_p --> 1agpe180_p + h_p + ocdca_p,PLIPA2E180pp,S_Glycerophospholipid_Metabolism,0.054344697356673716,0.06274804104695196,0.008403343690278245,0.008403343690278245,0.15463042576400116,3.785916453087947e-09,19.391977851732946
h2o_p + pgp160_p --> pg160_p + pi_p,PGPP160pp,S_Glycerophospholipid_Metabolism,0.03675135311604862,0.025438732503939507,0.011312620612109116,-0.011312620612109116,-0.3078150776214307,7.0720883152430374e-15,32.58262058163818
h2o_c + pgp181_c --> pg181_c + pi_c,PGPP181,S_Glycerophospholipid_Metabolism,0.05448532427593932,0.050671651058132185,0.003813673217807137,-0.003813673217807137,-0.06999450344633908,0.013876037134894059,4.277591873682333
h2o_p + pe160_p --> 1agpe160_p + h_p + hdca_p,PLIPA2E160pp,S_Glycerophospholipid_Metabolism,0.036857263753070885,0.03245167113426125,0.004405592618809635,-0.004405592618809635,-0.11953119060398423,0.0012725670064171223,6.666719153623686
cdpdhdecg_c + glyc3p_c --> cmp_c + h_c + pgp160_c,PGSA160,S_Glycerophospholipid_Metabolism,0.07454268588455179,0.06372651331987964,0.010816172564672155,-0.010816172564672155,-0.14510038693029836,4.943623168682884e-07,14.519997153634417
1hdecg3p_c + palmACP_c --> ACP_c + pa160_c,AGPAT160,S_Glycerophospholipid_Metabolism,0.11963774135297968,0.10353568320141132,0.016102058151568358,-0.016102058151568358,-0.1345901215575508,3.6249487627047526e-09,19.43542568316594
ctp_c + h_c + pa180_c --> cdpdodecg_c + ppi_c,DASYN180,S_Glycerophospholipid_Metabolism,0.1483970301301905,0.15663717849276154,0.008240148362571031,0.008240148362571031,0.05552771747077317,0.0006790036518588017,7.2948840521302
1agpg160_p + h2o_p --> g3pg_p + h_p + hdca_p,LPLIPAL1G160pp,S_Glycerophospholipid_Metabolism,0.06792400174260793,0.056609869695814004,0.011314132046793927,-0.011314132046793927,-0.1665704575190938,6.240907867984351e-08,16.589555080489756
h_c + ps180_c --> co2_c + pe180_c,PSD180,S_Glycerophospholipid_Metabolism,0.05496579703043983,0.06335902329564405,0.008393226265204223,0.008393226265204223,0.15269907321740628,3.6411524872536658e-09,19.430965588033086
1agpe160_p + h2o_p --> g3pe_p + h_p + hdca_p,LPLIPAL1E160pp,S_Glycerophospholipid_Metabolism,0.036857263753070885,0.03245167113426125,0.004405592618809635,-0.004405592618809635,-0.11953119060398423,0.001606043014192911,6.4339818803835405
ctp_c + h_c + pa160_c --> cdpdhdecg_c + ppi_c,DASYN160,S_Glycerophospholipid_Metabolism,0.11963774135123315,0.10353568320141132,0.016102058149821824,-0.016102058149821824,-0.1345901215449171,1.663601004082948e-09,20.214281304499654
1agpe180_p + h2o_p --> g3pe_p + h_p + ocdca_p,LPLIPAL1E180pp,S_Glycerophospholipid_Metabolism,0.054344697356673716,0.06274804104695196,0.008403343690278245,0.008403343690278245,0.15463042576400116,4.781215620455494e-09,19.15857100887252
g3pg_c + h2o_c --> glyc3p_c + glyc_c + h_c,GPDDA4,S_Glycerophospholipid_Metabolism,0.3221146012304398,0.313401971291172,0.008712629939267802,-0.008712629939267802,-0.027048230368901575,0.035162943957825675,3.347762479356762
1odecg3p_c + ocdcaACP_c --> ACP_c + pa180_c,AGPAT180,S_Glycerophospholipid_Metabolism,0.1483970301305914,0.15663717849276154,0.00824014836217013,0.00824014836217013,0.05552771746792161,0.0014772657365299147,6.517562375211092
g3pe_c + h2o_c --> etha_c + glyc3p_c + h_c,GPDDA2,S_Glycerophospholipid_Metabolism,0.18719047988070314,0.19430822596286385,0.007117746082160703,0.007117746082160703,0.03802408160231683,0.006915672087591631,4.973965125878035
h2o_c + phom_c --> pi_c + thr_L_c,THRS,S_Glycine__Serine_and_threonine_metabolism,0.14461579686661152,0.13380119925519685,0.010814597611414678,-0.010814597611414678,-0.07478157881596904,0.045573873329048185,3.088420679972614
atp_c + prpp_c --> ppi_c + prbatp_c,ATPPRT,S_Histidine_Metabolism,0.16267767229549887,0.17934885039445367,0.016671178098954798,0.016671178098954798,0.10247981707454068,7.895235889852816e-05,9.446665939323562
his_L_c --> nh4_c + urcan_c,HISD,S_Histidine_Metabolism,0.13300648886649968,0.1500951859833388,0.017088697116839108,0.017088697116839108,0.12848017613630303,2.194333438148632e-05,10.727047137386247
h2o_c + histd_c + 2.0 nad_c --> 3.0 h_c + his_L_c + 2.0 nadh_c,HISTD,S_Histidine_Metabolism,0.16267767217033047,0.1793488503880364,0.016671178217705945,0.016671178217705945,0.10247981788336945,2.3334484305685413e-05,10.665578278413063
h2o_c + hisp_c --> histd_c + pi_c,HISTP,S_Histidine_Metabolism,0.16267767217033047,0.1793488503880364,0.016671178217705945,0.016671178217705945,0.10247981788336945,2.3334484305685413e-05,10.665578278413063
glu_L_c + imacp_c --> akg_c + hisp_c,HSTPT,S_Histidine_Metabolism,0.16267767217033047,0.1793488503880364,0.016671178217705945,0.016671178217705945,0.10247981788336945,2.2806366137956974e-05,10.688470844400513
h2o_c + prbamp_c --> prfp_c,PRAMPC,S_Histidine_Metabolism,0.1626776721703312,0.1793488503880364,0.016671178217705224,0.016671178217705224,0.10247981788336456,1.642019242952928e-05,11.016998734792505
h2o_c + prbatp_c --> h_c + ppi_c + prbamp_c,PRATPP,S_Histidine_Metabolism,0.1626776721703312,0.1793488503880364,0.016671178217705224,0.016671178217705224,0.10247981788336456,1.642019242952928e-05,11.016998734792505
gln_L_c + prlp_c --> aicar_c + eig3p_c + glu_L_c + h_c,IG3PS,S_Histidine_Metabolism,0.1626776721703312,0.1793488503880364,0.016671178217705224,0.016671178217705224,0.10247981788336456,2.239291739512414e-05,10.706765836818828
eig3p_c --> h2o_c + imacp_c,IGPDH,S_Histidine_Metabolism,0.1626776721703312,0.1793488503880364,0.016671178217705224,0.016671178217705224,0.10247981788336456,2.239291739512414e-05,10.706765836818828
prfp_c <=> prlp_c,PRMICI,S_Histidine_Metabolism,0.1626776721703312,0.1793488503880364,0.016671178217705224,0.016671178217705224,0.10247981788336456,1.642019242952928e-05,11.016998734792505
Nforglut_c + h2o_c --> for_c + glu_L_c,NFORGLUAH2,S_Histidine_Metabolism,0.13300648886649968,0.1500951859833388,0.017088697116839108,0.017088697116839108,0.12848017613630303,1.7993089094758306e-05,10.925522812971721
h2o_c + urcan_c --> 4izp_c,URCN,S_Histidine_Metabolism,0.13300648886649968,0.1500951859833388,0.017088697116839108,0.017088697116839108,0.12848017613630303,1.2926182766799046e-05,11.256255631752772
forglu_c + h2o_c + h_c --> Nforglut_c + nh4_c,FORGLUIH2,S_Histidine_Metabolism,0.13300648886649968,0.1500951859833388,0.017088697116839108,0.017088697116839108,0.12848017613630303,2.55268861114125e-05,10.575778303933879
4izp_c + h2o_c --> forglu_c + h_c,IZPN,S_Histidine_Metabolism,0.13300648886649968,0.1500951859833388,0.017088697116839108,0.017088697116839108,0.12848017613630303,2.077422230378418e-05,10.781797652157655
fmn_c + h_c + nadph_c --> fmnh2_c + nadp_c,FMNRx2,S_Iron_uptake_and_metabolism,0.006897614627240737,0.0099605734909701,0.0030629588637293634,0.0030629588637293634,0.44406059619985516,0.026771135577707064,3.620431002562231
R_3hddcoa_c <=> dd2coa_c + h2o_c,RECOAH5,S_PHAs_Metabolism,-0.066197664555679,-0.08548825495421791,0.019290590398538907,-0.019290590398538907,0.2914089270069875,0.04573816490470771,3.0848222113342754
3oddcoa_c + h_c + nadph_c <=> R_3hddcoa_c + nadp_c,RHACOAR120,S_PHAs_Metabolism,-0.04514564765049078,-0.0745139788517219,0.029368331201231113,-0.029368331201231113,0.6505240865873777,0.0005088033253994257,7.583449010190408
3otdcoa_c + h_c + nadph_c <=> R_3hmrscoa_c + nadp_c,RHACOAR140,S_PHAs_Metabolism,-0.05282367716686964,-0.0728545772722118,0.020030900105342156,-0.020030900105342156,0.37920306157529843,0.023752704211549642,3.7400588934442878
R_3hdcoa_c <=> dc2coa_c + h2o_c,RECOAH4,S_PHAs_Metabolism,-0.15343068442596178,-0.19345194162453527,0.040021257198573496,-0.040021257198573496,0.26084259056985315,0.019181542098157485,3.9538068113950717
e4p_c + xu5p_D_c <=> f6p_c + g3p_c,TKT2,S_Pentose_Phosphate_Pathway,-0.3387171796786322,-0.34953343121923647,0.010816251540604283,-0.010816251540604283,0.031932987724054965,0.0007967293028226922,7.134995582007447
ru5p_D_c <=> xu5p_D_c,RPE,S_Pentose_Phosphate_Pathway,-0.3387532438054976,-0.3515505836208964,0.012797339815398823,-0.012797339815398823,0.03777776316363981,3.1898489670378257e-06,12.655536988044535
r5p_c <=> ru5p_D_c,RPI,S_Pentose_Phosphate_Pathway,-0.33415328582855536,-0.3470088592073155,0.012855573378760143,-0.012855573378760143,0.0384720842917462,3.0028975561965973e-06,12.715932883365618
akg_c + phe_L_c <=> glu_L_c + phpyr_c,PHETA1,S_Phenylalanine_Tyrosine_Tryptophan_Biosynthesis,-0.00803868450578155,-0.012285603581896941,0.004246919076115392,-0.004246919076115392,0.5283102071067648,0.010644288162140516,4.542731853502929
chor_c + gln_L_c --> anth_c + glu_L_c + h_c + pyr_c,ANS,S_Phenylalanine_Tyrosine_Tryptophan_Biosynthesis,0.004091538611478922,0.0044078769598812515,0.00031633834840232977,0.00031633834840232977,0.07731525434339884,0.0071793760186492275,4.936542805179113
nad_c + pphn_c --> 34hpp_c + co2_c + nadh_c,PPND,S_Phenylalanine_Tyrosine_Tryptophan_Biosynthesis,0.026786996062245418,0.02397239663331068,0.002814599428934736,-0.002814599428934736,-0.10507335060618224,0.021153924049324424,3.8559298564521822
3ig3p_c --> g3p_c + indole_c,TRPS3,S_Phenylalanine_Tyrosine_Tryptophan_Biosynthesis,0.007314360556313657,0.0075704960450713645,0.00025613548875770727,0.00025613548875770727,0.03501816553691964,0.0331854307483766,3.405644332255244
atp_c + gly_c + pram_c --> adp_c + gar_c + h_c + pi_c,PRAGS,S_Purine_Metabolism,0.260857411245102,0.2520004704595828,0.008856940785519185,-0.008856940785519185,-0.03395318823124098,0.0002220091112022141,8.412792135482757
atp_c + fpram_c --> adp_c + air_c + 2.0 h_c + pi_c,PRAIS,S_Purine_Metabolism,0.26085741122242445,0.25200047046053903,0.008856940761885423,-0.008856940761885423,-0.033953188143592376,0.0002220091112022141,8.412792135482757
5aizc_c + asp_L_c + atp_c --> 25aics_c + adp_c + h_c + pi_c,PRASCSi,S_Purine_Metabolism,0.26081273597760485,0.25195532208066296,0.00885741389694189,-0.00885741389694189,-0.03396081814694221,0.0002220091112022141,8.412792135482757
atp_c + fgam_c + gln_L_c + h2o_c --> adp_c + fpram_c + glu_L_c + h_c + pi_c,PRFGS,S_Purine_Metabolism,0.26085741122242445,0.25200047046053903,0.008856940761885423,-0.008856940761885423,-0.033953188143592376,0.0002220091112022141,8.412792135482757
dcamp_c <=> amp_c + fum_c,ADSL1r,S_Purine_Metabolism,0.23257224800380683,0.24683538164068114,0.014263133636874314,0.014263133636874314,0.061327754103494114,0.016452446074473735,4.107281115288742
h2o_c + hxan_c + nad_c --> h_c + nadh_c + xan_c,HXAND,S_Purine_Metabolism,0.09513538582017805,0.0872045936152568,0.007930792204921253,-0.007930792204921253,-0.08336322112480617,0.0005703536081328581,7.469254024337224
asp_L_c + gtp_c + imp_c --> dcamp_c + gdp_c + 2.0 h_c + pi_c,ADSS,S_Purine_Metabolism,0.23257224800380683,0.24683538164068114,0.014263133636874314,0.014263133636874314,0.061327754103494114,0.016452446074473735,4.107281115288742
h2o_c + nad_c + xan_c --> h_c + nadh_c + urate_c,XAND,S_Purine_Metabolism,0.16415387209643573,0.15491568834216943,0.0092381837542663,-0.0092381837542663,-0.05627758660995294,0.00037962102293540067,7.8763371109511615
25aics_c <=> aicar_c + fum_c,ADSL2r,S_Purine_Metabolism,0.2608127360205453,0.2519553222321846,0.00885741378836069,-0.00885741378836069,-0.03396081772503225,0.002151922716263798,6.141393549844292
gln_L_c + h2o_c + prpp_c --> glu_L_c + ppi_c + pram_c,GLUPRT,S_Purine_Metabolism,0.2608574112880632,0.2520004707091226,0.008856940578940597,-0.008856940578940597,-0.03395318743372767,0.00034798530834843157,7.963350296470543
5aizc_c <=> 5caiz_c,AIRC3,S_Purine_Metabolism,-0.2608127356547219,-0.25195532216455907,0.008857413490162835,0.008857413490162835,-0.033960816629325805,0.001548100425903909,6.47072663130394
air_c + atp_c + hco3_c --> 5caiz_c + adp_c + h_c + pi_c,AIRC2,S_Purine_Metabolism,0.2608127360205405,0.2519553222321846,0.008857413788355917,-0.008857413788355917,-0.033960817725014567,0.001548100425903909,6.47072663130394
10fthf_c + gar_c <=> fgam_c + h_c + thf_c,GARFT,S_Purine_Metabolism,0.13160941832232917,0.11110696320556994,0.02050245511675923,-0.02050245511675923,-0.15578258287371166,0.017039980564215487,4.072192898179301
atp_c + dtdp_c <=> adp_c + dttp_c,NDPK4,S_Pyrimidine_Metabolism,0.048960958839614474,0.027191214330479205,0.02176974450913527,-0.02176974450913527,-0.44463476666068263,0.001792585919290397,6.324096053980712
dtdp4d6dm_c + lrhh_c --> dtdp_c + h_c + llrhh_c,RHLC,S_Rhamnolipid_Synthesis,0.011066984336460669,0.0,0.011066984336460669,-0.011066984336460669,-1.0,5.684475074311346e-118,269.96730218557155
dtdp4d6dm_c + haa_c --> dtdp_c + h_c + lrhh_c,RHLB,S_Rhamnolipid_Synthesis,0.015301420290488213,0.0,0.015301420290488213,-0.015301420290488213,-1.0,8.704667066601041e-130,297.17220276296337
2.0 3haACP_c + h2o_c --> 2.0 ACP_c + h_c + haa_c,RHLA,S_Rhamnolipid_Synthesis,0.018638736936994315,0.0,0.018638736936994315,-0.018638736936994315,-1.0,2.3327714961858045e-103,236.31920753434238
g1p_c <=> g6p_c,PGMT,S_Starch_and_Sucrose_Metabolism,-0.03625751062855765,-0.009803269143442643,0.026454241485115007,0.026454241485115007,-0.7296210089028767,5.721341049587413e-142,325.2228799780131
atp_c + h_c + so4_c --> aps_c + ppi_c,SADT,S_Sulfur_Metabolism,0.11069083691272104,0.10246943410643797,0.00822140280628307,-0.00822140280628307,-0.07427356261445191,0.00607115296315634,5.1042067474410935
5.0 h_c + 3.0 nadph_c + so3_c --> 3.0 h2o_c + h2s_c + 3.0 nadp_c,SULRi,S_Sulfur_Metabolism,0.1106908369094716,0.10246943410646212,0.008221402803009481,-0.008221402803009481,-0.07427356258705811,0.005996315967138522,5.116610003809554
grxrd_c + paps_c --> grxox_c + 2.0 h_c + pap_c + so3_c,PAPSR2,S_Sulfur_Metabolism,0.028674578898221864,0.025065015174753996,0.0036095637234678686,-0.0036095637234678686,-0.12588026963812537,0.01901983217092453,3.962273045724826
mal_L_c + q8_c --> oaa_c + q8h2_c,MDH2,S_TCA_Cycle,2.379497741881993,2.4810668363803945,0.10156909449840157,0.10156909449840157,0.042685098082113966,0.0008698778160282311,7.047157797525315
dhlam_c + nad_c --> h_c + lpam_c + nadh_c,PDHcr,S_TCA_Cycle,0.13422108317258677,0.14724631925677145,0.013025236084184683,0.013025236084184683,0.09704314535620548,0.021050901893962446,3.8608118744527
mal_L_c + nadp_c --> co2_c + nadph_c + pyr_c,ME2,S_TCA_Cycle,1.0608775912308621,1.0052145692886318,0.05566302194223027,-0.05566302194223027,-0.052468845041441926,0.02980160326241682,3.5131930861657445
atp_c + h2o_c + mg2_p --> adp_c + h_c + mg2_c + pi_c,MG2uabcpp,S_Transport__ABC_system,0.0002757068500194525,0.00029309836139266546,1.7391511373212936e-05,1.7391511373212936e-05,0.06307972171161462,0.03629913318833206,3.315961417105752
atp_c + h2o_c + so4_p --> adp_c + h_c + pi_c + so4_c,SULabcpp,S_Transport__ABC_system,0.014564973908630204,0.011748794454363408,0.0028161794542667963,-0.0028161794542667963,-0.19335286639944624,0.007682937218282773,4.868753354640794
atp_c + h2o_c + pe180_c --> adp_c + h_c + pe180_p + pi_c,PE180abcpp,S_Transport__ABC_system,0.07943532385721176,0.08892203714153658,0.009486713284324821,0.009486713284324821,0.11942688496338953,2.338684686331057e-05,10.66333679349649
atp_c + h2o_c + pgp160_c --> adp_c + h_c + pgp160_p + pi_c,PGP160abcpp,S_Transport__ABC_system,0.03675135311604862,0.025438732503939507,0.011312620612109116,-0.011312620612109116,-0.3078150776214307,7.0720883152430374e-15,32.58262058163818
atp_c + h2o_c + pgp181_c --> adp_c + h_c + pgp181_p + pi_c,PGP181abcpp,S_Transport__ABC_system,0.04298054032669767,0.04848629639921713,0.005505756072519463,0.005505756072519463,0.12809881008172258,0.00014138873743156863,8.863997458087299
4hbz_p + h_p <=> 4hbz_c + h_c,UHBZ1t_pp_,S_Transport__Inner_Membrane,-0.035250036685752495,-0.039808129260051416,0.004558092574298921,-0.004558092574298921,0.12930745618603084,0.015088673499229814,4.193810916015319
lrhh_c <=> lrhh_p,LRHHt2rpp,S_Transport__Inner_Membrane,0.004234435954792157,0.0,0.004234435954792157,-0.004234435954792157,-1.0,3.2695944338719284e-26,58.68254646696679
haa_c <=> haa_p,HAAt2rpp,S_Transport__Inner_Membrane,0.003337316647167244,0.0,0.003337316647167244,-0.003337316647167244,-1.0,8.483067790420417e-09,18.585193684826514
na1_p + so4_p --> na1_c + so4_c,SO4t4pp_1,S_Transport__Inner_Membrane,0.040265671482373,0.03438217794673195,0.005883493535641049,-0.005883493535641049,-0.14611686131241225,0.0037237127811780863,5.5930340489707975
h_p + phpyr_p <=> h_c + phpyr_c,PHPYRtpp,S_Transport__Inner_Membrane,-0.029859346608603045,-0.025433391258127092,0.004425955350475953,0.004425955350475953,-0.14822679841228512,0.002245001873708078,6.099048923174425
llrhh_c <=> llrhh_p,LLRHHt2rpp,S_Transport__Inner_Membrane,0.011066984336460669,0.0,0.011066984336460669,-0.011066984336460669,-1.0,5.700862750201252e-118,269.96442345022615
h2s_c --> h2s_p,H2St1pp,S_Transport__Inner_Membrane,0.06410438455076627,0.05534672466001375,0.008757659890752514,-0.008757659890752514,-0.13661561455000087,0.007230568213356379,4.929437654840606
akg_p + h_p <=> akg_c + h_c,AKGt2rpp,S_Transport__Inner_Membrane,-0.22331973052230625,-0.2601633697296957,0.03684363920738948,-0.03684363920738948,0.16498156755436957,1.5121926908484647e-06,13.401949847289508
atp_c + g3pg_p + h2o_c --> adp_c + g3pg_c + h_c + pi_c,G3PGabcpp,S_Transport__Inner_Membrane,0.3221146012304398,0.313401971291172,0.008712629939267802,-0.008712629939267802,-0.027048230368901575,0.03917297320461976,3.2397682290377467
34dhbz_p + h_p <=> 34dhbz_c + h_c,3_4DHBZ1t_pp_,S_Transport__Inner_Membrane,-0.05313987176751325,-0.06737695376906813,0.01423708200155488,-0.01423708200155488,0.26791713129911304,0.0003258469400946554,8.029082795763488
atp_c + g3pe_p + h2o_c --> adp_c + g3pe_c + h_c + pi_c,G3PEabcpp,S_Transport__Inner_Membrane,0.18719047988101392,0.19430822596286385,0.007117746081849924,0.007117746081849924,0.03802408160059347,0.007704907136275965,4.865897862680357
h_e <=> h_p,Htex,S_Transport__Outer_Membrane,-16.459253387406754,-16.606629716809884,0.14737632940313006,-0.14737632940313006,0.008954010606331032,0.04950835729174327,3.005613789481746
h2s_e <=> h2s_p,H2Stex,S_Transport__Outer_Membrane,-0.06410438455031509,-0.05534672466001375,0.008757659890301334,0.008757659890301334,-0.13661561454392418,0.007230568213356379,4.929437654840606
34dhbz_e <=> 34dhbz_p,3_4DHBZt2,S_Transport__Outer_Membrane,-0.05313987176751325,-0.06737695376906813,0.01423708200155488,-0.01423708200155488,0.26791713129911304,0.0003258469400946554,8.029082795763488
llrhh_p <=> llrhh_e,LLRHHtex,S_Transport__Outer_Membrane,0.011066984336247783,0.0,0.011066984336247783,-0.011066984336247783,-1.0,5.6499622495675465e-118,269.97339210965384
lrhh_p <=> lrhh_e,LRHHtex,S_Transport__Outer_Membrane,0.004234435954792157,0.0,0.004234435954792157,-0.004234435954792157,-1.0,3.259028419543438e-26,58.68578329770148
akg_e <=> akg_p,AKGtex,S_Transport__Outer_Membrane,-0.22331973052230625,-0.26016336973022264,0.03684363920791639,-0.03684363920791639,0.16498156755672902,1.5121926908484647e-06,13.401949847289508
haa_p <=> haa_e,HAAtex,S_Transport__Outer_Membrane,0.003337316647167244,0.0,0.003337316647167244,-0.003337316647167244,-1.0,8.483067790420417e-09,18.585193684826514
so4_e <=> so4_p,SO4tex,S_Transport__Outer_Membrane,0.11159325004296745,0.10338276600845914,0.008210484034508317,-0.008210484034508317,-0.07357509554876288,0.005988272622683343,5.1179522852909
phpyr_e <=> phpyr_p,PHPYRtex,S_Transport__Outer_Membrane,-0.029859346608603045,-0.025433391258127096,0.004425955350475949,0.004425955350475949,-0.148226798412285,0.00223226844248724,6.104736971763362
grxox_c + 2.0 gthrd_c --> grxrd_c + gthox_c,GRXR,S_Unassigned,0.058651042505910474,0.05320375496300229,0.005447287542908186,-0.005447287542908186,-0.09287622709109124,0.035177395796586276,3.347351567523967
2ahbut_c + h_c + nadph_c <=> 23dhmp_c + nadp_c,KARA2,S_Valine__Leucine__and_Isoleucine_Metabolism,0.1389255525041126,0.13099819848493854,0.007927354019174049,-0.007927354019174049,-0.05706188585385958,0.007332702597665246,4.915411127400237
23dhmp_c --> 3mop_c + h2o_c,DHAD2,S_Valine__Leucine__and_Isoleucine_Metabolism,0.1389255523327669,0.13099819795999598,0.007927354372770923,-0.007927354372770923,-0.05706188846946323,0.016324553859980308,4.115084932831342
3hmp_c + nad_c --> h_c + mmtsa_c + nadh_c,HIBDkt,S_Valine__leucine_and_isoleucine_degradation,0.11462026377321026,0.10734989083981453,0.007270372933395733,-0.007270372933395733,-0.0634300837745499,0.0341772609139929,3.3761947416037668
3hmbcoa_c + nad_c <=> 2maacoa_c + h_c + nadh_c,HACD9,S_Valine__leucine_and_isoleucine_degradation,0.07848555526083942,0.0699864195047822,0.008499135756057222,-0.008499135756057222,-0.10828917152731019,0.006129744062197085,5.094602281586379
3mob_c + coa_c + nad_c --> co2_c + ibcoa_c + nadh_c,OIVD2,S_Valine__leucine_and_isoleucine_degradation,0.11462026377321026,0.10734989083981453,0.007270372933395733,-0.007270372933395733,-0.0634300837745499,0.026967353397778157,3.6131282779850276
coa_c + mmtsa_c + nad_c --> co2_c + nadh_c + ppcoa_c,MMTSAO,S_Valine__leucine_and_isoleucine_degradation,0.15618032444484292,0.147823035108565,0.008357289336277912,-0.008357289336277912,-0.05351051335041499,0.03497278432604553,3.3531851106575874
2mbcoa_c + fad_c --> 2mb2coa_c + fadh2_c,ACOADH1,S_Valine__leucine_and_isoleucine_degradation,0.07848555530378057,0.06998641950485206,0.008499135798928512,-0.008499135798928512,-0.10828917201429442,0.04036660532038766,3.209752436818507
2maacoa_c + coa_c --> accoa_c + ppcoa_c,MACCOAT,S_Valine__leucine_and_isoleucine_degradation,0.07848555530378057,0.06998641950485206,0.008499135798928512,-0.008499135798928512,-0.10828917201429442,0.00549844125626543,5.203290634863075
2mb2coa_c + h2o_c --> 3hmbcoa_c,ECOAH9ir,S_Valine__leucine_and_isoleucine_degradation,0.07848555526090926,0.06998641950485206,0.008499135756057208,-0.008499135756057208,-0.10828917152721364,0.010689112358178796,4.538529592174913
3mop_c + coa_c + nad_c --> 2mbcoa_c + co2_c + nadh_c,OIVD3,S_Valine__leucine_and_isoleucine_degradation,0.07848555530378057,0.06998641957032622,0.008499135733454344,-0.008499135733454344,-0.10828917118007508,0.0047741277014096695,5.344544002070582
