"AxcQ1","AxcQ2"
"dnaA",-0.0493131095406772,-0.111539659193755
"glyQ",-0.048613933967361,-0.00270969036266921
"dacC",0.0771068808019141,0.030151049932857
"lipB",0.0374951881535223,-0.0515756557596487
"holA",-0.00574501751692636,0.118015155175055
"leuS",-0.048613933967361,-0.00270969036266921
"hemL",0.0837132300887013,-0.0879979940158494
"thiE",0.0173547492390579,0.044401798699905
"thiD",0.0173547492390579,0.044401798699905
"PA14_12490",-0.000654542253394711,0.031793782800752
"PA14_12710",0.0905983025855055,0.170804800874207
"PA14_12780",-0.0493131095406772,-0.111539659193755
"PA14_12820",-0.0493131095406772,-0.111539659193755
"PA14_01190",0.143512157822559,0.242108754243917
"tesB",-0.135470780201961,0.0918226358322318
"PA14_12920",0.114901272995329,0.158144708893919
"PA14_12940",0.114901272995329,0.158144708893919
"PA14_12960",0.114901272995329,0.158144708893919
"tauD",0.0959744382774981,-0.0413439021801007
"PA14_13010",-0.00667639796129716,-0.0119093172452357
"PA14_13090",0.558514479722889,-0.178407767876395
"moaC",0.0554151547568956,0.0893945870569374
"moaD",-0.0391401385615817,0.0338074798093429
"moaE",0.0554151547568956,0.0893945870569374
"moaB1",0.0554151547568956,0.0893945870569374
"tag",-0.0443462058800071,0.0436132080602524
"PA14_01240",-0.0282821554796367,-0.198236947791419
"PA14_13330",0.0452421837778002,-0.0559525519461609
"PA14_13450",-0.0493131095406772,-0.111539659193755
"PA14_13460",-0.0493131095406772,-0.111539659193755
"PA14_13580",-0.00667639796129716,-0.0119093172452357
"PA14_13590",-0.00667639796129716,-0.0119093172452357
"PA14_13600",-0.00667639796129716,-0.0119093172452357
"PA14_13610",-0.00667639796129716,-0.0119093172452357
"narL",-0.0493131095406772,-0.111539659193755
"narX",-0.0493131095406772,-0.111539659193755
"narK1",-0.0697119215521055,-0.207867196239403
"narK2",-0.0697119215521055,-0.207867196239403
"narG",0.0349094382289367,-0.31937546527328
"narH",0.0349094382289367,-0.31937546527328
"moaA",0.0554151547568956,0.0893945870569374
"coxA",-0.0377416418552575,-0.0107744452264108
"PA14_01310",-0.0377416418552575,-0.0107744452264108
"PA14_14100",-0.00667639796129716,-0.0119093172452357
"pcs",-0.0228596886167148,0.05259705496559
"coIII",-0.0377416418552575,-0.0107744452264108
"valS",-0.048613933967361,-0.00270969036266921
"holC",-0.00574501751692636,0.118015155175055
"pepA",-0.0055220656243227,0.000382040415011187
"PA14_14500",-0.00667639796129716,-0.0119093172452357
"PA14_14510",-0.00667639796129716,-0.0119093172452357
"PA14_00120",0.00816160214220761,0.0373068483260087
"secD",-0.141577979961039,-0.00644757752532808
"secF",-0.141577979961039,-0.00644757752532808
"cysE",0.215260896280678,0.275718673794977
"PA14_01360",0.0599514127018165,-0.183705067457101
"ndk",0.0225241006692205,0.086958892719653
"hisS",-0.048613933967361,-0.00270969036266921
"PA14_01380",0.0368553877989039,-0.0810448819762764
"PA14_14960",-0.0312363169950576,-0.054199098426121
"leuA",0.338452083078485,0.0203059114336743
"PA14_15160",0.0981294678156023,-0.0722104376958853
"xseA",-0.0541612665573767,0.0360100395019704
"guaB",0.0358160123530048,0.057430765057673
"guaA",-0.000654542253394711,0.031793782800752
"trbJ",-0.172904168461341,0.0212661207259741
"PA14_01460",-0.0493131095406772,-0.111539659193755
"purL",0.0358160123530048,0.057430765057673
"PA14_15820",-0.0237829186986778,0.0272813034702486
"purT",0.0358160123530048,0.057430765057673
"ffh",-0.242073013978791,0.0236980169135766
"rpsP",-0.132202033019053,-0.0286609071157293
"rplS",-0.132202033019053,-0.0286609071157293
"hom",0.200887823119439,0.175535443376259
"thrC",0.192816388132033,0.0158159603459585
"recJ",0.00279273598382503,0.123723513986386
"lasB",-0.22903385809549,0.130985180529084
"PA14_16280",-0.116658538489729,0.0544666341695558
"PA14_16350",-0.0493131095406772,-0.111539659193755
"PA14_16360",0.0560323480093347,0.0890595767941163
"wspA",-0.170939242176252,-0.0644909479218659
"PA14_16440",-0.170939242176252,-0.0644909479218659
"wspC",-0.0493131095406772,-0.111539659193755
"wspD",-0.170939242176252,-0.0644909479218659
"PA14_16470",-0.170939242176252,-0.0644909479218659
"wspF",-0.170939242176252,-0.0644909479218659
"wspR",-0.170939242176252,-0.0644909479218659
"lysS",-0.048613933967361,-0.00270969036266921
"adk",0.0841501299631836,0.101081789022525
"plsB",0.0494064002935416,-0.0190482601588537
"PA14_01600",0.220328832123199,0.101180719704893
"dapD",0.152081297876474,0.0408441369391717
"rpsB",-0.132202033019053,-0.0286609071157293
"pyrH",-0.0442712800549052,0.0302789023970326
"uppS",0.0861571094422202,0.0761869730206024
"cdsA",0.0185700774557541,0.0622273034135731
"aptA",0.179629139873944,0.0991821280148605
"lpxD",0.00816160214220761,0.0373068483260087
"fabZ",0.143512157822559,0.242108754243917
"lpxA",-0.047968087491942,0.147025908129118
"lpxB",0.00816160214220761,0.0373068483260087
"rnhB",-0.0528839593807586,0.0379048492489215
"dnaE",-0.00574501751692636,0.118015155175055
"accA",0.390410133230726,0.104821899237744
"kdsA",0.00816160214220761,0.0373068483260087
"eno",0.28247522952168,0.0361826417939072
"ispD",0.019500626341654,0.0564169462707812
"PA14_01660",-0.000654542253394711,0.031793782800752
"surE",0.00621447796785127,0.106134772920599
"mutS",-0.0541612665573767,0.0360100395019704
"recA",-0.0435180604659706,0.0263413189983017
"potD",-0.00667639796129716,-0.0119093172452357
"potC",-0.00667639796129716,-0.0119093172452357
"potB",-0.107171431979048,0.0182362771936689
"potA",-0.107171431979048,0.0182362771936689
"rpmE2",-0.132202033019053,-0.0286609071157293
"PA14_01670",-0.00667639796129716,-0.0119093172452357
"rpmJ",-0.132202033019053,-0.0286609071157293
"PA14_01680",-0.00667639796129716,-0.0119093172452357
"PA14_17860",0.147423003347936,0.091893332767702
"glpK",-0.000143045533333444,-0.0805247888373742
"PA14_18010",-0.000143045533333444,-0.0805247888373742
"mmsA",0.220328832123199,0.101180719704893
"mmsB",0.0431158296283847,0.0425007785199015
"PA14_18150",0.0453703603125193,0.00199676996236411
"fruK",0.0414504430989349,-0.00843345448144283
"fruA",0.0815460119045957,-0.0269117864824792
"PA14_18300",0.0439369573776771,0.295497379954039
"PA14_18310",-0.128538824077739,0.100839586090179
"PA14_18320",-0.128538824077739,0.100839586090179
"arnT",-0.0893978535644108,0.137395659681135
"algA",-0.175902570347276,0.164784534575409
"algL",-0.018128231699425,0.0085575783534393
"algG",-0.018128231699425,0.0085575783534393
"alg8",-0.018128231699425,0.0085575783534393
"algD",0.0121642428759308,-0.0675720783921895
"PA14_18600",-0.00667639796129716,-0.0119093172452357
"argF",0.1026318558926,-0.072938913546919
"nuh",-0.00724037358215272,0.0609469801549672
"bfrB",-0.0440064507684391,-0.114764209872986
"pyrC",-0.0442712800549052,0.0302789023970326
"PA14_18720",-0.0842181172640249,-0.126538831277624
"argG",0.102374907268664,-0.127888786708093
"gloA1",0.0386478879712101,-0.0459362864783502
"PA14_18830",0.0452828551016793,0.0124582090497683
"PA14_18850",0.0452828551016793,0.0124582090497683
"metG",0.119159839655386,0.144898199611289
"dcd",-0.0539950714275164,0.0203015852437637
"rhlA",-0.294530301096916,0.0683148319978636
"rhlB",-0.294530301096916,0.0683148319978636
"rhlR",-0.294530301096916,0.0683148319978636
"rhlI",-0.269976891856218,0.0498206446476752
"pheC",0.0810648905397752,0.062040659940212
"PA14_01800",-0.00667639796129716,-0.0119093172452357
"PA14_19370",0.0458206525974073,-0.0133260081626308
"PA14_01830",-0.000654542253394711,0.031793782800752
"PA14_19500",0.114901272995329,0.158144708893919
"PA14_19510",0.114901272995329,0.158144708893919
"PA14_19520",0.114901272995329,0.158144708893919
"ssuD",0.0905983025855055,0.170804800874207
"folX",-0.0290073985701925,0.0271000679334119
"folE1",0.0221461588748876,0.046707633534664
"PA14_19640",0.0347930600451526,0.112706799782029
"PA14_19740",0.545509208128349,0.34781056490881
"ldh",0.203393896381151,0.0716012479144737
"PA14_19900",0.155936112918424,0.0693837560041339
"PA14_19910",0.155936112918424,0.0693837560041339
"PA14_20000",-0.0493131095406772,-0.111539659193755
"hasD",-0.00667639796129716,-0.0119093172452357
"nosY",-0.00667639796129716,-0.0119093172452357
"nosF",-0.00667639796129716,-0.0119093172452357
"phnC",-0.00667639796129716,-0.0119093172452357
"phnG",-0.123264693853866,0.100255371396024
"phnH",-0.123264693853866,0.100255371396024
"phnI",-0.123264693853866,0.100255371396024
"phnJ",-0.123264693853866,0.100255371396024
"phnL",-0.123264693853866,0.100255371396024
"phnM",-0.123264693853866,0.100255371396024
"phnN",0.000382567032461388,0.0104549159996935
"phnP",-0.123264693853866,0.100255371396024
"amiE",0.0872853867169984,0.0381144348776439
"amiC",-0.107171431979048,0.0182362771936689
"dsdA",0.0213289840001288,0.0352693492325656
"PA14_20670",0.204281504976035,-0.504464445340971
"flgM",-0.182748224996687,-0.18215030548656
"flgA",-0.0842181172640249,-0.126538831277624
"PA14_20750",-0.040255083631466,-0.141267117577856
"PA14_20760",-0.040255083631466,-0.141267117577856
"PA14_20770",-0.170939242176252,-0.0644909479218659
"PA14_20780",-0.170939242176252,-0.0644909479218659
"rfaD",0.00816160214220761,0.0373068483260087
"plcN",-0.139799517592812,0.0516606175050301
"PA14_21140",-0.00667639796129716,-0.0119093172452357
"PA14_21150",-0.00667639796129716,-0.0119093172452357
"PA14_21160",-0.00667639796129716,-0.0119093172452357
"fadD2",0.0509067955956084,0.0437569042479071
"fadD1",0.0509067955956084,0.0437569042479071
"phoA",0.0838525100153678,-0.0222788451345774
"PA14_21450",-0.124568521112034,0.00725666400400901
"PA14_21910",-0.172904168461341,0.0212661207259741
"PA14_02110",-0.194035267079164,0.0381692375589589
"PA14_22380",-0.00574501751692636,0.118015155175055
"ppiA",-0.128538824077739,0.100839586090179
"PA14_22510",0.177770321351972,0.0380772600975237
"PA14_22530",-0.0055220656243227,0.000382040415011187
"PA14_22540",0.065572142991962,0.0791159457473292
"cyaB",-0.12228067488897,0.0788424940726415
"PA14_22670",-0.00667639796129716,-0.0119093172452357
"cpxR",-0.105442799174827,-0.00182059939064569
"gapA",0.239431191145359,-0.041470252179162
"edd",0.0879605728698531,-4.00510256811334e-05
"glk",-0.0434553684708785,0.201982173474123
"PA14_22980",-0.00667639796129716,-0.0119093172452357
"PA14_22990",-0.00667639796129716,-0.0119093172452357
"PA14_23000",-0.00667639796129716,-0.0119093172452357
"gltK",0.0164196269416154,-0.114569502726061
"zwf",0.149888430223051,0.0252281969111984
"pgl",0.124431127476252,0.0255969312312398
"PA14_23170",-0.00900638402098326,0.0324490492722931
"serC",0.266016735537796,0.101885284745222
"pheA",0.0810648905397752,0.062040659940212
"hisC2",0.163302131638966,-0.0108095463823603
"PA14_23310",0.0899110625440746,0.0838907431763197
"cmk",-0.0539950714275164,0.0203015852437637
"PA14_02270",-0.040255083631466,-0.141267117577856
"rpsA",-0.132202033019053,-0.0286609071157293
"orfM",-0.110794578662239,0.0577615086930155
"wbpM",-0.152224344734708,0.0481312602450324
"tyrB",0.101356765554144,0.0320279287630525
"uvrB",-0.0455214439994952,0.0201246959026674
"gltX",0.209491937122887,0.000503953940336692
"kdgA",0.160448918583566,-0.0308524873933058
"leuC",0.352518956080481,0.080817255789983
"leuD",0.352518956080481,0.080817255789983
"leuB",0.352518956080481,0.080817255789983
"asd",0.528246137578654,0.314638435772987
"trpF",0.0810648905397752,0.062040659940212
"folC",0.0221461588748876,0.046707633534664
"purF",0.035559063729068,0.0024808918964994
"metZ",0.0506259208508212,0.245340550556861
"PA14_02340",0.114901272995329,0.158144708893919
"xcpQ",-0.124568521112034,0.00725666400400901
"xcpS",-0.124568521112034,0.00725666400400901
"xcpT",-0.124568521112034,0.00725666400400901
"xcpU",-0.124568521112034,0.00725666400400901
"xcpV",-0.124568521112034,0.00725666400400901
"xcpW",-0.124568521112034,0.00725666400400901
"xcpX",-0.124568521112034,0.00725666400400901
"xcpY",-0.124568521112034,0.00725666400400901
"PA14_24190",-0.0709517501058051,0.075286524417706
"ppnK",-0.0278414083272677,0.0398812892425367
"dnaN",-0.00574501751692636,0.118015155175055
"pepN",-0.0055220656243227,0.000382040415011187
"gdhB",0.114916621137805,-0.588746386105416
"pelD",-0.194035267079164,0.0381692375589589
"pelE",-0.194035267079164,0.0381692375589589
"pelF",-0.194035267079164,0.0381692375589589
"pelG",-0.194035267079164,0.0381692375589589
"pyrD",-0.0442712800549052,0.0302789023970326
"PA14_24690",0.0356771147294452,0.0205208014848738
"PA14_24710",-0.0493131095406772,-0.111539659193755
"PA14_24830",-0.0055220656243227,0.000382040415011187
"PA14_24940",-0.0820711846194599,-0.0339767323267654
"PA14_24950",-0.0228596886167148,0.05259705496559
"fadB",0.59299164516008,0.355793929884471
"fadA",0.275212481933988,0.174788535211788
"nagZ",-0.0680323227448174,0.090627411352735
"PA14_25210",-0.0709517501058051,0.075286524417706
"mfd",-0.0455214439994952,0.0201246959026674
"sth",-0.0375651996998789,0.0299039720892679
"PA14_25400",-0.0593302432231142,0.026960072708669
"PA14_25430",-0.00667639796129716,-0.0119093172452357
"PA14_25440",-0.00667639796129716,-0.0119093172452357
"PA14_25450",-0.00667639796129716,-0.0119093172452357
"kdsB",0.00816160214220761,0.0373068483260087
"ptpA",-0.0493131095406772,-0.111539659193755
"murB",0.0843033304743572,0.0566815786680529
"rne",-0.0212729396969846,0.0433296976766666
"PA14_25590",0.0779795319489917,-0.00442467937565108
"fabD",0.156855142367363,0.160757932249209
"acpP",0.00549118623527855,0.0263877569919736
"fabF1",0.143512157822559,0.242108754243917
"pabC",-0.0192836071975812,0.0370773850866808
"tmk",-0.0539950714275164,0.0203015852437637
"holB",-0.00574501751692636,0.118015155175055
"PA14_25900",0.298568566219277,0.210621168172966
"cobN",0.00714710667664103,-0.095156644271734
"aroF",-0.0194301434779759,0.0921862543791167
"PA14_25990",0.0338938699104293,-0.0794969791680819
"morB",-0.0805048087393362,-0.0634139984548016
"hisP",-0.00667639796129716,-0.0119093172452357
"hisM",-0.00667639796129716,-0.0119093172452357
"hisQ",-0.00667639796129716,-0.0119093172452357
"hisJ",-0.00667639796129716,-0.0119093172452357
"PA14_26260",-0.00853307942155642,0.050444111259714
"PA14_26280",-0.040255083631466,-0.141267117577856
"cbiD",0.00714710667664103,-0.095156644271734
"cobH",0.00714710667664103,-0.095156644271734
"cobI",0.00714710667664103,-0.095156644271734
"cobJ",0.00714710667664103,-0.095156644271734
"PA14_26570",-0.0493131095406772,-0.111539659193755
"PA14_26640",-0.0683035218598264,0.0670810259145614
"PA14_26650",-0.0683035218598264,0.0670810259145614
"PA14_26670",-0.031832967253427,0.0927180081714824
"PA14_26690",-0.031832967253427,0.0927180081714824
"pyrF",-0.0442712800549052,0.0302789023970326
"lipA",0.0683315109913097,-0.132851219332076
"tesA",-0.135470780201961,0.0918226358322318
"PA14_27330",-0.0194301434779759,0.0921862543791167
"PA14_27370",-0.0212729396969846,0.0433296976766666
"PA14_27570",-0.112381516178274,0.0656562759697228
"PA14_27580",-0.0055220656243227,0.000382040415011187
"PA14_02680",-0.00413123355258471,0.0336242225264687
"PA14_27700",-0.271434276194003,-0.0343453534829613
"fadE",0.0613092217641951,-0.0500087111816294
"queF",0.0124223675022764,0.0367303163813951
"PA14_02720",-0.172904168461341,0.0212661207259741
"tal",0.165017542462318,0.0408330392378091
"PA14_28180",-0.00413123355258471,0.0336242225264687
"pcaF",-0.0180709067203503,-0.0357718201297349
"thrS",-0.048613933967361,-0.00270969036266921
"rpmI",-0.132202033019053,-0.0286609071157293
"rplT",-0.132202033019053,-0.0286609071157293
"pheS",-0.048613933967361,-0.00270969036266921
"pcaB",0.0721137236415575,-0.41876601424034
"PA14_28810",-0.0212729396969846,0.0433296976766666
"pcaD",0.0721137236415575,-0.41876601424034
"pcaC",0.0721137236415575,-0.41876601424034
"PA14_29320",-0.0791714079277263,-0.020404693674394
"pfeS",-0.0493131095406772,-0.111539659193755
"PA14_29390",-0.124568521112034,0.00725666400400901
"PA14_29420",-0.120296465147903,-0.330480203835882
"PA14_29530",-0.124568521112034,0.00725666400400901
"PA14_29540",-0.124568521112034,0.00725666400400901
"PA14_29800",-0.040255083631466,-0.141267117577856
"nuoN",-0.0377416418552575,-0.0107744452264108
"nuoM",-0.0377416418552575,-0.0107744452264108
"nuoL",-0.0377416418552575,-0.0107744452264108
"nuoH",-0.0377416418552575,-0.0107744452264108
"nuoG",-0.0377416418552575,-0.0107744452264108
"nuoF",-0.0377416418552575,-0.0107744452264108
"nuoE",-0.0377416418552575,-0.0107744452264108
"nuoD",-0.0377416418552575,-0.0107744452264108
"nuoB",-0.0377416418552575,-0.0107744452264108
"nuoA",-0.0377416418552575,-0.0107744452264108
"hemF",0.0436176612830405,-0.069519662014813
"purB",0.0452828551016793,0.0124582090497683
"icd",0.272334072010146,0.0805720082138043
"trxB1",0.126726574582739,0.148432557525668
"serS",-0.048613933967361,-0.00270969036266921
"cysG",0.0837132300887013,-0.0879979940158494
"PA14_30370",-0.0391401385615817,0.0338074798093429
"PA14_30380",-0.0391401385615817,0.0338074798093429
"PA14_03020",0.0810648905397752,0.062040659940212
"PA14_30460",0.0905983025855055,0.170804800874207
"PA14_30470",0.114901272995329,0.158144708893919
"PA14_30490",0.0905983025855055,0.170804800874207
"aroQ2",0.0810648905397752,0.062040659940212
"pqsH",-0.440357384510645,0.213303875431762
"gacA",-0.170939242176252,-0.0644909479218659
"uvrC",-0.0455214439994952,0.0201246959026674
"pobA",0.0721137236415575,-0.41876601424034
"PA14_30750",0.00152760716261784,-0.0609797421471197
"PA14_30850",-0.172904168461341,0.0212661207259741
"PA14_30860",-0.172904168461341,0.0212661207259741
"PA14_30870",-0.172904168461341,0.0212661207259741
"PA14_30880",-0.172904168461341,0.0212661207259741
"PA14_30910",-0.172904168461341,0.0212661207259741
"PA14_30930",-0.172904168461341,0.0212661207259741
"aroE",0.0810648905397752,0.062040659940212
"PA14_31300",-0.294530301096916,0.0683148319978636
"PA14_31400",-0.040255083631466,-0.141267117577856
"PA14_31500",0.409217950528694,-0.107516139955975
"PA14_31530",0.558514479722889,-0.178407767876395
"PA14_31540",0.450101708467573,0.123922860278855
"xthA",-0.0443462058800071,0.0436132080602524
"PA14_31760",0.0185700774557541,0.0622273034135731
"PA14_31820",0.163302131638966,-0.0108095463823603
"PA14_31950",-0.0493131095406772,-0.111539659193755
"PA14_31960",-0.0493131095406772,-0.111539659193755
"czcB",-0.0493131095406772,-0.111539659193755
"xylX",0.0229123902779364,-0.611442969855904
"antC",0.00654576856404804,0.0247612769198244
"antB",0.00654576856404804,0.0247612769198244
"antA",0.00654576856404804,0.0247612769198244
"catB",0.121925579572085,-0.800418583980721
"catC",0.0721137236415575,-0.41876601424034
"PA14_32570",-0.149808143558428,-0.0813940647548507
"PA14_32580",-0.149808143558428,-0.0813940647548507
"PA14_32650",0.0467500064534515,-0.191325250209382
"PA14_32670",0.0380879962297293,-0.193819457886566
"gtdA",0.0380879962297293,-0.193819457886566
"PA14_32720",-0.0493131095406772,-0.111539659193755
"gcvH2",0.177770321351972,0.0380772600975237
"gcvP2",0.177770321351972,0.0380772600975237
"glyA2",0.274858997472129,0.162676783325902
"sdaA",0.10589600888964,0.158661554154371
"gcvT2",0.200141013894849,0.114053743498158
"treA",-0.127018616067117,0.144201016178929
"PA14_33540",-0.00667639796129716,-0.0119093172452357
"PA14_33550",-0.00667639796129716,-0.0119093172452357
"PA14_33560",-0.00667639796129716,-0.0119093172452357
"pvdE",-0.00667639796129716,-0.0119093172452357
"PA14_33780",-0.0493131095406772,-0.111539659193755
"PA14_33920",-0.0493131095406772,-0.111539659193755
"PA14_33960",-0.124568521112034,0.00725666400400901
"PA14_34030",-0.246194653747608,0.0543053752758985
"PA14_34050",-0.194035267079164,0.0381692375589589
"PA14_34070",-0.194035267079164,0.0381692375589589
"PA14_34100",-0.194035267079164,0.0381692375589589
"PA14_34110",-0.124568521112034,0.00725666400400901
"PA14_34130",-0.246194653747608,0.0543053752758985
"msuE",0.100873479749349,0.176496243578464
"PA14_03330",0.0680505855714817,0.0733221395357834
"msuD",0.0905983025855055,0.170804800874207
"PA14_34250",-0.0593302432231142,0.026960072708669
"PA14_34330",0.0892641053186974,0.142696220425188
"mtlZ",-0.106971029722978,0.178538348532511
"mtlY",-0.164664830110924,0.0804864091464636
"mtlD",-0.018128231699425,0.0085575783534393
"PA14_34390",-0.00667639796129716,-0.0119093172452357
"PA14_34640",0.124431127476252,0.0255969312312398
"PA14_34680",-0.00413123355258471,0.0336242225264687
"PA14_34770",0.114901272995329,0.158144708893919
"PA14_34780",0.114901272995329,0.158144708893919
"PA14_34790",0.114901272995329,0.158144708893919
"gcd",0.0368531216388608,0.0360918982566145
"pbpC",-0.00857228931669434,0.0838669093673601
"PA14_35320",0.0659354385849204,-0.00839215032138432
"PA14_35340",0.0404781358381222,-0.0080234160013429
"ansA",-0.0664200547118207,0.0197529379120619
"lpdV",0.555122595890089,-0.0740416835197088
"bkdB",0.155936112918424,0.0693837560041339
"bkdA2",0.155936112918424,0.0693837560041339
"bkdA1",0.155936112918424,0.0693837560041339
"pslK",-0.194035267079164,0.0381692375589589
"pslJ",-0.194035267079164,0.0381692375589589
"pslI",-0.194035267079164,0.0381692375589589
"pslH",-0.194035267079164,0.0381692375589589
"pslG",-0.194035267079164,0.0381692375589589
"pslF",-0.194035267079164,0.0381692375589589
"pslE",-0.194035267079164,0.0381692375589589
"gabT",0.0916738411819622,-0.0277161639040642
"PA14_35880",0.124807088171833,0.0551843083670424
"recF",-0.0435180604659706,0.0263413189983017
"PA14_36070",0.240517388363544,0.1222431656962
"pdxA",0.0330792887352687,-0.0311200552607395
"PA14_36130",-0.0493131095406772,-0.111539659193755
"hcnB",-0.066163106087884,0.0747028110732356
"hcnA",-0.066163106087884,0.0747028110732356
"glgA",-0.127018616067117,0.144201016178929
"PA14_36580",-0.127018616067117,0.144201016178929
"PA14_36590",-0.127018616067117,0.144201016178929
"PA14_36605",-0.127018616067117,0.144201016178929
"PA14_36690",-0.0179004771506454,0.0365903211566522
"glgB",-0.127018616067117,0.144201016178929
"PA14_36730",-0.127018616067117,0.144201016178929
"PA14_36740",-0.163489170673516,0.118564033922008
"katE",0.14824515314185,-0.0681491484354304
"glgP",-0.127018616067117,0.144201016178929
"PA14_37100",0.0213289840001288,0.0352693492325656
"PA14_37340",0.0386478879712101,-0.0459362864783502
"PA14_37370",0.0295491824399768,-0.242256732126618
"cysA",0.114901272995329,0.158144708893919
"PA14_37530",-0.00657022591503541,-0.464443034944382
"PA14_37550",0.0365730457543764,-0.475798049767957
"kynB",0.074015952876331,-0.0917921785147443
"PA14_37610",0.00152760716261784,-0.0609797421471197
"cysW",0.114901272995329,0.158144708893919
"cysT",0.114901272995329,0.158144708893919
"sbp",0.114901272995329,0.158144708893919
"PA14_37870",-0.00667639796129716,-0.0119093172452357
"PA14_37880",-0.00667639796129716,-0.0119093172452357
"cynT",-0.0282821554796367,-0.198236947791419
"PA14_38200",0.471490002147435,0.14852145856868
"gor",-0.0055220656243227,0.000382040415011187
"galU",-0.339753602694021,0.347084499838605
"gnyD",0.0431158296283847,0.0425007785199015
"speB1",-0.00413123355258471,0.0336242225264687
"gnyB",0.0431158296283847,0.0425007785199015
"gnyH",0.0431158296283847,0.0425007785199015
"gnyA",0.0431158296283847,0.0425007785199015
"gnyL",0.137827414833069,0.204456463353445
"maiA",0.0467500064534515,-0.191325250209382
"bdhA",0.0231560496434009,0.0611089776841832
"PA14_38610",-0.0493131095406772,-0.111539659193755
"atoB",0.558514479722889,-0.178407767876395
"PA14_38750",0.383851919626678,-1.67526838775395
"PA14_38840",0.156930938363504,-0.0795059563790038
"exaA",0.212565828223005,-0.472010198677772
"aguA",-0.00413123355258471,0.0336242225264687
"PA14_39020",-0.047968087491942,0.147025908129118
"aguB",-0.00413123355258471,0.0336242225264687
"bacA",0.0356771147294452,0.0205208014848738
"rbsK",0.000382567032461388,0.0104549159996935
"PA14_39560",-0.040255083631466,-0.141267117577856
"metE",0.132449227036938,0.254137256207171
"spuB",0.204281504976035,-0.504464445340971
"spuC",-0.00413123355258471,0.0336242225264687
"phzB2",-0.277301485802602,0.175885412607856
"spuD",-0.00667639796129716,-0.0119093172452357
"PA14_40070",-0.0055220656243227,0.000382040415011187
"spuE",-0.00667639796129716,-0.0119093172452357
"PA14_40160",-0.0377416418552575,-0.0107744452264108
"spuF",-0.00667639796129716,-0.0119093172452357
"lasA",-0.172904168461341,0.0212661207259741
"spuG",-0.00667639796129716,-0.0119093172452357
"PA14_40310",0.00549118623527855,0.0263877569919736
"xqhA",-0.124568521112034,0.00725666400400901
"modA",-0.00667639796129716,-0.0119093172452357
"modB",-0.00667639796129716,-0.0119093172452357
"spuH",-0.00667639796129716,-0.0119093172452357
"modC",-0.00667639796129716,-0.0119093172452357
"metH",0.154819919579814,0.330113739607805
"PA14_40830",0.0453703603125193,0.00199676996236411
"nudC",-0.0375651996998789,0.0299039720892679
"PA14_40980",0.545509208128349,0.34781056490881
"dnaQ",-0.00574501751692636,0.118015155175055
"rnhA",-0.0528839593807586,0.0379048492489215
"PA14_41080",0.0386478879712101,-0.0459362864783502
"PA14_41110",-0.00667639796129716,-0.0119093172452357
"fabI",0.179982712428958,0.267745736500838
"PA14_41260",-0.149692203220966,0.0615255084918406
"folD",0.0886931213817582,0.0762096082635812
"cysS",-0.048613933967361,-0.00270969036266921
"glnS",-0.0071841678948921,0.00692055808531394
"PA14_41400",0.00816160214220761,0.0373068483260087
"acnB",0.395714843660701,0.0513743013935325
"nasA",0.0118134133260241,-0.216715279792456
"nirB",0.0118134133260241,-0.216715279792456
"nirD",0.0864104429801855,-0.286985716542321
"ppsA",0.26037987613134,-0.0779496988156621
"PA14_04080",-0.00667639796129716,-0.0119093172452357
"cysH",0.130693871391166,0.152326468873171
"PA14_04090",-0.0184853807817323,-0.12956867480993
"panE",0.0800506056603227,0.0437110739748085
"serA",0.201958078431407,0.133756114741014
"bglX",-0.198672908390279,0.192516070260191
"pscL",-0.124568521112034,0.00725666400400901
"pscJ",-0.124568521112034,0.00725666400400901
"pscF",-0.124568521112034,0.00725666400400901
"exsA",-0.194035267079164,0.0381692375589589
"pcrD",-0.124568521112034,0.00725666400400901
"PA14_42520",-0.124568521112034,0.00725666400400901
"popN",-0.124568521112034,0.00725666400400901
"pscQ",-0.124568521112034,0.00725666400400901
"pscR",-0.124568521112034,0.00725666400400901
"PA14_42630",-0.124568521112034,0.00725666400400901
"pscT",-0.124568521112034,0.00725666400400901
"pscU",-0.124568521112034,0.00725666400400901
"masA",-0.0709517501058051,0.075286524417706
"PA14_42730",-0.0709517501058051,0.075286524417706
"PA14_42740",-0.0709517501058051,0.075286524417706
"aroC",0.0810648905397752,0.062040659940212
"folE",0.0221461588748876,0.046707633534664
"stp1",-0.246194653747608,0.0543053752758985
"PA14_04220",-0.00667639796129716,-0.0119093172452357
"PA14_42910",-0.124568521112034,0.00725666400400901
"PA14_42980",-0.246194653747608,0.0543053752758985
"PA14_42990",-0.194035267079164,0.0381692375589589
"PA14_04230",-0.00667639796129716,-0.0119093172452357
"PA14_43110",-0.0055220656243227,0.000382040415011187
"PA14_43130",0.206809582059589,0.0916289637014428
"PA14_00430",-0.0493131095406772,-0.111539659193755
"PA14_04240",-0.00667639796129716,-0.0119093172452357
"PA14_43220",-0.040255083631466,-0.141267117577856
"PA14_04250",-0.00667639796129716,-0.0119093172452357
"selD",0.0953646391791568,0.138728416261027
"kdpD",-0.0493131095406772,-0.111539659193755
"kdpC",-0.0493131095406772,-0.111539659193755
"kdpB",-0.0493131095406772,-0.111539659193755
"kdpA",-0.0493131095406772,-0.111539659193755
"PA14_43420",0.00104054814756968,0.0559203878234257
"gpsA",-0.0228596886167148,0.05259705496559
"PA14_43670",-0.170939242176252,-0.0644909479218659
"fabA",0.120384587760963,0.135120949992289
"rpiA",0.165017542462318,0.0408330392378091
"PA14_43780",0.00253036910578189,0.0114256400882314
"PA14_43790",0.00253036910578189,0.0114256400882314
"panB",0.0800506056603227,0.0437110739748085
"ilvA1",0.269675902770692,0.0875892916093688
"sucD",0.267394498936807,0.0588692923866107
"sucC",0.267394498936807,0.0588692923866107
"sdhB",0.154723785439225,0.0926319970040606
"sdhA",0.154723785439225,0.0926319970040606
"sdhD",0.154723785439225,0.0926319970040606
"sdhC",0.154723785439225,0.0926319970040606
"gltA",0.319365114977061,0.050128306166221
"PA14_44140",0.0128003092966093,0.0769815755663841
"PA14_44260",-0.00413123355258471,0.0336242225264687
"PA14_44270",-0.0391401385615817,0.0338074798093429
"acnA",0.319365114977061,0.050128306166221
"aer",-0.040255083631466,-0.141267117577856
"trpA",0.133373242911025,0.0965592344377249
"PA14_44370",-0.0146456169523449,-0.113434630707236
"PA14_44380",-0.0146456169523449,-0.113434630707236
"PA14_44390",-0.0146456169523449,-0.113434630707236
"PA14_44400",-0.0146456169523449,-0.113434630707236
"hemN",0.0436176612830405,-0.069519662014813
"apt",-0.000654542253394711,0.031793782800752
"ygdP",-0.0212729396969846,0.0433296976766666
"recR",-0.0435180604659706,0.0263413189983017
"dnaX",-0.00574501751692636,0.118015155175055
"ptsP",-0.0128304596452299,-0.0258705065478127
"ligA",0.0203145275131316,0.164291213852603
"xdhA",0.0394410265522661,0.0133154507997156
"xdhB",0.0394410265522661,0.0133154507997156
"PA14_44770",-0.000654542253394711,0.031793782800752
"PA14_44900",-0.124568521112034,0.00725666400400901
"moaA2",0.0554151547568956,0.0893945870569374
"PA14_45010",0.0415089773425922,-0.0300616616325721
"PA14_45020",0.0415089773425922,-0.0300616616325721
"PA14_45030",0.336030649135109,-0.0583996016236187
"pykF",0.285048407871638,-0.0152661581778045
"PA14_45170",-0.0228596886167148,0.05259705496559
"PA14_45190",-0.000143045533333444,-0.0805247888373742
"PA14_45340",-0.00667639796129716,-0.0119093172452357
"ccmC",-0.00667639796129716,-0.0119093172452357
"ccmB",-0.00667639796129716,-0.0119093172452357
"ccmA",-0.00667639796129716,-0.0119093172452357
"PA14_45470",-0.0055220656243227,0.000382040415011187
"PA14_45500",-0.040255083631466,-0.141267117577856
"PA14_45510",-0.040255083631466,-0.141267117577856
"motC",-0.0520640664519012,-0.258926475142549
"PA14_45580",-0.040255083631466,-0.141267117577856
"PA14_45590",-0.040255083631466,-0.141267117577856
"cheZ",-0.0633511085343786,-0.0386069320970306
"cheY",-0.040255083631466,-0.141267117577856
"fliA",-0.182748224996687,-0.18215030548656
"flhA",-0.0842181172640249,-0.126538831277624
"flhB",-0.0842181172640249,-0.126538831277624
"fliR",-0.0842181172640249,-0.126538831277624
"fliQ",-0.0842181172640249,-0.126538831277624
"fliP",-0.0842181172640249,-0.126538831277624
"fliO",-0.0842181172640249,-0.126538831277624
"fliN",-0.0751600913548137,-0.156266289661725
"fliM",-0.0751600913548137,-0.156266289661725
"fliL",-0.0842181172640249,-0.126538831277624
"PA14_45870",-0.0493131095406772,-0.111539659193755
"PA14_45880",-0.0493131095406772,-0.111539659193755
"glpQ",-0.0593302432231142,0.026960072708669
"lasI",-0.293072916759131,0.1524808301285
"PA14_46030",-0.040255083631466,-0.141267117577856
"gbuA",-0.00413123355258471,0.0336242225264687
"folA",0.0445168514177638,0.122684116935298
"PA14_46440",-0.00853307942155642,0.050444111259714
"pdxB",0.0330792887352687,-0.0311200552607395
"ilvD",0.333660454788587,0.0743389724766433
"PA14_46760",-0.0391401385615817,0.0338074798093429
"PA14_46910",0.0164196269416154,-0.114569502726061
"PA14_46920",0.0164196269416154,-0.114569502726061
"PA14_46930",0.0164196269416154,-0.114569502726061
"PA14_47000",-0.0805048087393362,-0.0634139984548016
"mutM",-0.0443462058800071,0.0436132080602524
"cyoE",0.0368553877989039,-0.0810448819762764
"cyoD",-0.0377416418552575,-0.0107744452264108
"cyoC",-0.0377416418552575,-0.0107744452264108
"cyoB",-0.0377416418552575,-0.0107744452264108
"cyoA",-0.0377416418552575,-0.0107744452264108
"phnX",-0.0831691250482047,0.0817770393949877
"phnW",-0.0831691250482047,0.0817770393949877
"PA14_47370",-0.0894185932925956,-0.0225837152422676
"PA14_47390",-0.0493131095406772,-0.111539659193755
"sseA",0.12399048553849,0.269549172078098
"PA14_47550",-0.106238896638866,0.0975538479819751
"cobS",0.00714710667664103,-0.095156644271734
"PA14_47660",0.00714710667664103,-0.095156644271734
"cobT",0.00714710667664103,-0.095156644271734
"cobU",0.00714710667664103,-0.095156644271734
"cobQ",0.00714710667664103,-0.095156644271734
"cobC",0.00714710667664103,-0.095156644271734
"cobO",0.00714710667664103,-0.095156644271734
"PA14_47840",-0.00413123355258471,0.0336242225264687
"PA14_47850",-0.00413123355258471,0.0336242225264687
"PA14_47920",-0.00667639796129716,-0.0119093172452357
"PA14_47930",-0.0455609996250535,0.0239939740784855
"PA14_47940",-0.00667639796129716,-0.0119093172452357
"PA14_48010",0.106831926623741,0.201978800107611
"PA14_48020",-0.0023001970142837,-0.0146461616909849
"PA14_48030",-0.040255083631466,-0.141267117577856
"aprA",-0.128538824077739,0.100839586090179
"PA14_48490",-0.00413123355258471,0.0336242225264687
"PA14_49070",-0.0309793683711209,0.00075077473505261
"dctA",-0.0493131095406772,-0.111539659193755
"phoQ",-0.105442799174827,-0.00182059939064569
"phoP",-0.105442799174827,-0.00182059939064569
"ftsY",-0.242073013978791,0.0236980169135766
"PA14_49300",-0.131696199385664,0.0979225823020165
"ftsE",-0.00667639796129716,-0.0119093172452357
"dapE",0.152081297876474,0.0408441369391717
"PA14_49420",-0.0493131095406772,-0.111539659193755
"ftsX",-0.00667639796129716,-0.0119093172452357
"PA14_49440",-0.0493131095406772,-0.111539659193755
"nrdA",-0.0236702453097902,0.0513445933094631
"PA14_49580",0.0632516184490617,0.0426306456831469
"PA14_49650",0.0394410265522661,0.0133154507997156
"PA14_49710",0.078743456776871,-0.0644146184793866
"rhlC",-0.294530301096916,0.0683148319978636
"mtgA",0.0356771147294452,0.0205208014848738
"PA14_49820",-0.0375651996998789,0.0299039720892679
"dgt",-0.000654542253394711,0.031793782800752
"PA14_49890",-0.194035267079164,0.0381692375589589
"PA14_04970",-0.0391401385615817,0.0338074798093429
"fliJ",-0.0842181172640249,-0.126538831277624
"fliG",-0.0751600913548137,-0.156266289661725
"thiG",0.0173547492390579,0.044401798699905
"fliF",-0.0842181172640249,-0.126538831277624
"fliE",-0.0842181172640249,-0.126538831277624
"fleR",-0.0611220923611123,-0.229199016758449
"fleS",-0.0493131095406772,-0.111539659193755
"fleQ",-0.182748224996687,-0.18215030548656
"fliC",-0.0611220923611123,-0.229199016758449
"flgL",-0.0842181172640249,-0.126538831277624
"flgK",-0.0842181172640249,-0.126538831277624
"flgJ",-0.0842181172640249,-0.126538831277624
"flgG",-0.0842181172640249,-0.126538831277624
"flgF",-0.0842181172640249,-0.126538831277624
"flgE",-0.0842181172640249,-0.126538831277624
"flgD",-0.0842181172640249,-0.126538831277624
"flgC",-0.0842181172640249,-0.126538831277624
"flgB",-0.0842181172640249,-0.126538831277624
"livM",-0.107171431979048,0.0182362771936689
"livG",-0.107171431979048,0.0182362771936689
"braG",-0.107171431979048,0.0182362771936689
"PA14_50660",0.215260896280678,0.275718673794977
"PA14_50760",0.20121977596369,-0.0696600004516013
"pdxH",0.0731748575409295,-0.0495983872617759
"PA14_51050",0.916296928202059,-0.375728145514336
"pauA",0.196810112440745,-0.103896943408613
"metX",0.127682890443286,0.286213640820351
"purC",0.0358160123530048,0.057430765057673
"dapA",0.416970453573646,0.183678491081937
"PA14_51310",-0.0391401385615817,0.0338074798093429
"phnB",-0.32335391413368,0.258587026827984
"phnA",-0.32335391413368,0.258587026827984
"pqsE",-0.440357384510645,0.213303875431762
"pqsD",-0.440357384510645,0.213303875431762
"pqsC",-0.440357384510645,0.213303875431762
"pqsB",-0.440357384510645,0.213303875431762
"proC",0.0729257360398802,0.0744973127899589
"PA14_51670",0.0124223675022764,0.0367303163813951
"PA14_51770",0.11018657934259,0.042246282177256
"ruvB",-0.0435180604659706,0.0263413189983017
"ruvA",-0.0435180604659706,0.0263413189983017
"oprD",-0.0935625135868168,-0.0481935513112691
"proS",-0.048613933967361,-0.00270969036266921
"wrbA",0.065572142991962,0.0791159457473292
"cysM",-0.0303653351197397,0.0905226324242752
"PA14_52230",-0.0493131095406772,-0.111539659193755
"PA14_52240",-0.0493131095406772,-0.111539659193755
"PA14_52250",-0.0493131095406772,-0.111539659193755
"ldhA",0.078743456776871,-0.0644146184793866
"PA14_05220",0.0584135718579095,0.150678189178709
"PA14_52350",-0.105442799174827,-0.00182059939064569
"PA14_05230",0.184757579408187,0.288655830704684
"rsmA",-0.170939242176252,-0.0644909479218659
"aruE",-0.00413123355258471,0.0336242225264687
"aruB",-0.00413123355258471,0.0336242225264687
"astD",-0.00413123355258471,0.0336242225264687
"aruG",-0.00413123355258471,0.0336242225264687
"aruF",-0.00413123355258471,0.0336242225264687
"argD",0.370893955341108,0.00669740895292997
"aotM",-0.00667639796129716,-0.0119093172452357
"aotQ",-0.00667639796129716,-0.0119093172452357
"aotJ",-0.00667639796129716,-0.0119093172452357
"acsA",0.537448566542721,-0.00540793322199575
"PA14_52810",-0.0493131095406772,-0.111539659193755
"PA14_52820",-0.0493131095406772,-0.111539659193755
"PA14_52840",-0.0493131095406772,-0.111539659193755
"PA14_52900",0.1718749743701,0.0173782748601404
"PA14_52910",0.0527147609732059,0.0145750578779584
"phhC",0.101356765554144,0.0320279287630525
"hpd",0.0805196731303164,-0.0729196006055122
"PA14_53260",0.269675902770692,0.0875892916093688
"trxB2",0.126726574582739,0.148432557525668
"PA14_53340",-0.0548542258256417,-0.161624179548158
"gshB",-0.0357706559863957,0.0848951072509334
"PA14_53420",-0.106238896638866,0.0975538479819751
"PA14_53470",0.305348024992809,-0.264130820295058
"pilG",-0.170939242176252,-0.0644909479218659
"pta",0.305348024992809,-0.264130820295058
"pilH",-0.170939242176252,-0.0644909479218659
"pilI",-0.170939242176252,-0.0644909479218659
"pilJ",-0.170939242176252,-0.0644909479218659
"PA14_53790",-0.00657022591503541,-0.464443034944382
"pilK",-0.0493131095406772,-0.111539659193755
"prpB",0.0453703603125193,0.00199676996236411
"prpC",0.0453703603125193,0.00199676996236411
"PA14_53970",0.0453703603125193,0.00199676996236411
"PA14_53980",0.0453703603125193,0.00199676996236411
"prpD",0.0453703603125193,0.00199676996236411
"PA14_05410",-0.170939242176252,-0.0644909479218659
"pdxJ",0.0330792887352687,-0.0311200552607395
"lepB",-0.0894185932925956,-0.0225837152422676
"mucD",-0.105442799174827,-0.00182059939064569
"nadB",-0.0280983569512044,-0.0150685839186369
"PA14_54510",-0.0493131095406772,-0.111539659193755
"PA14_54570",-0.0493131095406772,-0.111539659193755
"ung",-0.0443462058800071,0.0436132080602524
"PA14_54600",0.0981294678156023,-0.0722104376958853
"PA14_54620",0.220328832123199,0.101180719704893
"bioA",-0.00785179830952554,0.107738578986681
"PA14_54920",0.339656166923474,0.189208051173227
"PA14_54940",0.339656166923474,0.189208051173227
"PA14_54980",-0.00667639796129716,-0.0119093172452357
"PA14_05480",0.180821926681084,-0.0726283443132185
"PA14_55200",0.0872853867169984,0.0381144348776439
"mexR",-0.116658538489729,0.0544666341695558
"PA14_55430",-0.124568521112034,0.00725666400400901
"PA14_55440",-0.124568521112034,0.00725666400400901
"PA14_55450",-0.124568521112034,0.00725666400400901
"PA14_55460",-0.124568521112034,0.00725666400400901
"PA14_55490",-0.124568521112034,0.00725666400400901
"PA14_55520",-0.124568521112034,0.00725666400400901
"mexA",-0.172788228123879,0.164185693972665
"PA14_55530",-0.124568521112034,0.00725666400400901
"nemO",-0.00753589616203957,-0.089127227616065
"mexB",-0.172788228123879,0.164185693972665
"recD",-0.0435180604659706,0.0263413189983017
"recB",-0.0435180604659706,0.0263413189983017
"recC",-0.0435180604659706,0.0263413189983017
"PA14_55750",-0.040255083631466,-0.141267117577856
"oprM",-0.21715357250748,0.0846122286084604
"PA14_05560",-0.0212729396969846,0.0433296976766666
"pctA",-0.040255083631466,-0.141267117577856
"pctB",-0.040255083631466,-0.141267117577856
"PA14_56030",-0.0309793683711209,0.00075077473505261
"purU",0.0224499038129996,0.0362845733200792
"sbcB",-0.0541612665573767,0.0360100395019704
"pykA",0.285048407871638,-0.0152661581778045
"PA14_56280",-0.194035267079164,0.0381692375589589
"PA14_56300",0.176977897251171,-0.00288804719700953
"PA14_56410",-0.0179004771506454,0.0365903211566522
"PA14_56450",0.0872853867169984,0.0381144348776439
"PA14_56480",-0.00853307942155642,0.050444111259714
"PA14_56600",-0.00757350639115686,-0.00153347388336447
"PA14_56790",-0.194035267079164,0.0381692375589589
"PA14_56880",-0.172788228123879,0.164185693972665
"PA14_56890",-0.172788228123879,0.164185693972665
"pncB2",-0.0278414083272677,0.0398812892425367
"groEL",-0.0212729396969846,0.0433296976766666
"PA14_57040",-0.00753589616203957,-0.089127227616065
"PA14_57100",-0.116658538489729,0.0544666341695558
"codA",-0.0271469366089802,0.0531750330351798
"apbA",0.0800506056603227,0.0437110739748085
"PA14_57180",0.00714710667664103,-0.095156644271734
"PA14_57200",-0.0055220656243227,0.000382040415011187
"argJ",0.201571569261043,-0.0510332930360359
"secA",-0.242073013978791,0.0236980169135766
"lpxC",0.00816160214220761,0.0373068483260087
"ddl",0.311208219548553,0.106760944485296
"murC",0.266175770390394,0.0582821341128248
"murG",0.224549458158194,0.069480271430727
"murD",0.266175770390394,0.0582821341128248
"mraY",0.224549458158194,0.069480271430727
"murF",0.326928140614062,0.112815857629313
"murE",0.179485563257782,0.0734866361314431
"ftsI",-0.00857228931669434,0.0838669093673601
"gmhA",0.00816160214220761,0.0373068483260087
"PA14_05740",0.0710041381868359,0.0830829393409773
"PA14_57540",-0.0146456169523449,-0.113434630707236
"PA14_57560",-0.0146456169523449,-0.113434630707236
"PA14_57570",-0.0146456169523449,-0.113434630707236
"rpsI",-0.132202033019053,-0.0286609071157293
"rplM",-0.132202033019053,-0.0286609071157293
"PA14_05750",0.0710041381868359,0.0830829393409773
"trpS",-0.048613933967361,-0.00270969036266921
"cysN",0.552251860756342,0.464181472607611
"cysD",0.552251860756342,0.464181472607611
"dhT",0.0710041381868359,0.0830829393409773
"hisC1",0.163302131638966,-0.0108095463823603
"hisD",0.0680505855714817,0.0733221395357834
"hisG",0.0680505855714817,0.0733221395357834
"murA",0.0843033304743572,0.0566815786680529
"PA14_57830",-0.00667639796129716,-0.0119093172452357
"PA14_57840",-0.00667639796129716,-0.0119093172452357
"PA14_57850",-0.00667639796129716,-0.0119093172452357
"PA14_57870",-0.00667639796129716,-0.0119093172452357
"PA14_57880",-0.00667639796129716,-0.0119093172452357
"PA14_57890",0.00816160214220761,0.0373068483260087
"PA14_57900",0.00816160214220761,0.0373068483260087
"PA14_57930",-0.00667639796129716,-0.0119093172452357
"rpoN",-0.0611220923611123,-0.229199016758449
"ptsN",-0.0128304596452299,-0.0258705065478127
"PA14_57980",-0.0128304596452299,-0.0258705065478127
"fumC",0.176977897251171,-0.00288804719700953
"gatC",-0.0071841678948921,0.00692055808531394
"amaB",-0.0539950714275164,0.0203015852437637
"gatA",-0.0071841678948921,0.00692055808531394
"gatB",-0.0071841678948921,0.00692055808531394
"PA14_58220",0.0721137236415575,-0.41876601424034
"PA14_58300",-0.0493131095406772,-0.111539659193755
"PA14_58320",-0.0493131095406772,-0.111539659193755
"PA14_58350",0.00238162794791397,-0.0416367756293358
"PA14_58360",0.00238162794791397,-0.0416367756293358
"PA14_58390",0.00238162794791397,-0.0416367756293358
"gcdH",0.142309011328879,-0.209119000069596
"PA14_58420",0.00238162794791397,-0.0416367756293358
"PA14_58440",-0.00667639796129716,-0.0119093172452357
"dppC",-0.00667639796129716,-0.0119093172452357
"dppD",-0.00667639796129716,-0.0119093172452357
"dppF",-0.00667639796129716,-0.0119093172452357
"PA14_58515",-0.0055220656243227,0.000382040415011187
"PA14_58530",-0.0055220656243227,0.000382040415011187
"PA14_58540",-0.0055220656243227,0.000382040415011187
"lpxO1",-0.0332681639302612,0.0276765998780255
"PA14_58560",0.130693871391166,0.152326468873171
"PA14_58610",-0.0332681639302612,0.0276765998780255
"PA14_58630",0.057796623800613,0.0588924704633482
"PA14_58650",-0.040255083631466,-0.141267117577856
"nadC",-0.0278414083272677,0.0398812892425367
"coaE",0.0435800510539232,0.0180740917178875
"PA14_58830",0.201571569261043,-0.0510332930360359
"ndh",-0.0791714079277263,-0.020404693674394
"PA14_58990",-0.0528839593807586,0.0379048492489215
"PA14_59150",-0.00574501751692636,0.118015155175055
"pilQ2",-0.124568521112034,0.00725666400400901
"rcsB",-0.0493131095406772,-0.111539659193755
"rcsC",-0.0493131095406772,-0.111539659193755
"PA14_59800",-0.0493131095406772,-0.111539659193755
"PA14_60080",-0.0272735761132822,0.0650142091175683
"clpB",-0.246194653747608,0.0543053752758985
"pilS",-0.0493131095406772,-0.111539659193755
"pilR",-0.0493131095406772,-0.111539659193755
"PA14_60270",0.0173547492390579,0.044401798699905
"creB",-0.0493131095406772,-0.111539659193755
"ispH",0.019500626341654,0.0564169462707812
"lspA",-0.0894185932925956,-0.0225837152422676
"creC",-0.0493131095406772,-0.111539659193755
"ileS",-0.048613933967361,-0.00270969036266921
"ribF",0.0254901547717334,0.0420565168494992
"rpsT",-0.132202033019053,-0.0286609071157293
"proB",0.0890797122489711,0.112493995093329
"rpmA",-0.132202033019053,-0.0286609071157293
"rplU",-0.132202033019053,-0.0286609071157293
"ispB",-0.0219291397308148,0.0467866978227981
"gdhA",0.0681107193733438,-0.386227931499091
"PA14_60770",-0.20185158988941,0.0776616462087802
"glyA",0.274858997472129,0.162676783325902
"katB",0.14824515314185,-0.0681491484354304
"PA14_61080",-0.0493131095406772,-0.111539659193755
"PA14_61110",-0.0290073985701925,0.0271000679334119
"hprA",0.273832390893739,0.0131718206841672
"PA14_61300",-0.040255083631466,-0.141267117577856
"mqoB",0.176977897251171,-0.00288804719700953
"PA14_06170",-0.0493131095406772,-0.111539659193755
"PA14_61460",0.0358160123530048,0.057430765057673
"upp",-0.0539950714275164,0.0203015852437637
"PA14_06180",-0.0493131095406772,-0.111539659193755
"hemH",0.0436176612830405,-0.069519662014813
"PA14_06190",-0.0055220656243227,0.000382040415011187
"pagL",-0.0332681639302612,0.0276765998780255
"murI",0.158089521217359,0.0288818589150204
"moeB",-0.0391401385615817,0.0338074798093429
"hemA",0.0837132300887013,-0.0879979940158494
"ipk",0.019500626341654,0.0564169462707812
"prs",0.195342368580044,0.0718760473035085
"PA14_61780",-0.132202033019053,-0.0286609071157293
"PA14_61860",-0.0282821554796367,-0.198236947791419
"hitA",-0.00667639796129716,-0.0119093172452357
"hitB",-0.00667639796129716,-0.0119093172452357
"pssA",0.0708784298270038,0.096745877911086
"ilvC",0.333660454788587,0.0743389724766433
"ilvH",0.471490002147435,0.14852145856868
"ilvI",0.471490002147435,0.14852145856868
"mrcB",0.0356771147294452,0.0205208014848738
"PA14_06270",0.0721137236415575,-0.41876601424034
"cbrB",-0.0493131095406772,-0.111539659193755
"pcnB",-0.0212729396969846,0.0433296976766666
"folK",0.0221461588748876,0.046707633534664
"panC",0.140214187222242,0.0991464282424561
"panD",0.140214187222242,0.0991464282424561
"pgi",0.0408347018265338,0.129212398996853
"acsB",0.409217950528694,-0.107516139955975
"pnp",-0.0212729396969846,0.0433296976766666
"rpsO",-0.132202033019053,-0.0286609071157293
"glcB",0.235184794128714,-0.0616067076144285
"secG",-0.242073013978791,0.0236980169135766
"tpiA",0.181440925928189,-0.00777739185061286
"glmM",-0.0237829186986778,0.0272813034702486
"folP",0.0221461588748876,0.046707633534664
"carB",-0.0445282286788419,-0.024670970764141
"carA",-0.0445282286788419,-0.024670970764141
"dapB",0.416970453573646,0.183678491081937
"dnaK",-0.0212729396969846,0.0433296976766666
"lldD",0.0386478879712101,-0.0459362864783502
"PA14_63100",0.0386478879712101,-0.0459362864783502
"PA14_63110",-0.0441036152872689,0.108159972209122
"PA14_63120",-0.0186463125404707,0.107791237889081
"pmrA",-0.149808143558428,-0.0813940647548507
"pmrB",-0.149808143558428,-0.0813940647548507
"PA14_63250",0.558514479722889,-0.178407767876395
"PA14_63330",-0.0593302432231142,0.026960072708669
"PA14_63370",0.177770321351972,0.0380772600975237
"PA14_63480",-0.172904168461341,0.0212661207259741
"selA",0.119159839655386,0.144898199611289
"fdnI",0.18505348391609,-0.0469837360702667
"fdnH",0.18505348391609,-0.0469837360702667
"fdnG",0.18505348391609,-0.0469837360702667
"lipC",-0.000143045533333444,-0.0805247888373742
"PA14_63650",-0.172904168461341,0.0212661207259741
"lpd3",0.555122595890089,-0.0740416835197088
"speA",0.206830847247495,0.300619184292254
"PA14_06420",-0.0055220656243227,0.000382040415011187
"aroQ1",0.0810648905397752,0.062040659940212
"accB",0.390410133230726,0.104821899237744
"accC",0.390410133230726,0.104821899237744
"PA14_06430",0.390410133230726,0.104821899237744
"purH",0.058186704895881,0.133407248458307
"purD",0.0358160123530048,0.057430765057673
"retS",-0.194035267079164,0.0381692375589589
"PA14_06450",0.390410133230726,0.104821899237744
"PA14_64270",-0.00667639796129716,-0.0119093172452357
"PA14_64280",-0.00667639796129716,-0.0119093172452357
"PA14_64290",-0.00667639796129716,-0.0119093172452357
"PA14_64300",-0.00667639796129716,-0.0119093172452357
"PA14_64310",-0.00667639796129716,-0.0119093172452357
"ureA",0.197202518771208,-0.09136289958614
"ureB",0.197202518771208,-0.09136289958614
"PA14_06460",0.126782123847821,-0.103927575650803
"ureC",0.197202518771208,-0.09136289958614
"PA14_64440",0.0386478879712101,-0.0459362864783502
"PA14_64520",-0.0440064507684391,-0.114764209872986
"irlR",-0.0493131095406772,-0.111539659193755
"PA14_64580",-0.0493131095406772,-0.111539659193755
"PA14_64610",-0.0327696658465725,0.172203038546819
"PA14_64620",-0.0327696658465725,0.172203038546819
"PA14_64740",0.916296928202059,-0.375728145514336
"mdlC",-0.0348839975084208,0.0151310284718413
"vanA",-0.0348839975084208,0.0151310284718413
"vanB",-0.0348839975084208,0.0151310284718413
"bioB",-0.00785179830952554,0.107738578986681
"PA14_64860",-0.107171431979048,0.0182362771936689
"PA14_64870",-0.107171431979048,0.0182362771936689
"PA14_64880",-0.107171431979048,0.0182362771936689
"PA14_64890",-0.107171431979048,0.0182362771936689
"PA14_64900",-0.107171431979048,0.0182362771936689
"bioF",-0.00785179830952554,0.107738578986681
"PA14_64920",-0.040255083631466,-0.141267117577856
"pncA",-0.0278414083272677,0.0398812892425367
"pncB1",-0.0278414083272677,0.0398812892425367
"nadE",-0.0278414083272677,0.0398812892425367
"PA14_06530",-0.00785179830952554,0.107738578986681
"alr",0.203121970375518,0.0773606692874916
"dnaB",-0.0528839593807586,0.0379048492489215
"rplI",-0.132202033019053,-0.0286609071157293
"PA14_06540",-0.00785179830952554,0.107738578986681
"rpsR",-0.132202033019053,-0.0286609071157293
"rpsF",-0.132202033019053,-0.0286609071157293
"rnr",-0.0212729396969846,0.0433296976766666
"purA",0.0088123004952798,-0.0131787732071527
"hisZ",0.0680505855714817,0.0733221395357834
"bioD",-0.00785179830952554,0.107738578986681
"hfq",-0.121767973714736,0.0734752921155712
"miaA",0.00549118623527855,0.0263877569919736
"mutL",-0.0541612665573767,0.0360100395019704
"amiB",-0.128538824077739,0.100839586090179
"PA14_65420",0.00763095786644664,0.0344244815466361
"motB",-0.0751600913548137,-0.156266289661725
"motA",-0.0520640664519012,-0.258926475142549
"rhdA",0.12399048553849,0.269549172078098
"psd",0.0185700774557541,0.0622273034135731
"PA14_65520",-0.194035267079164,0.0381692375589589
"PA14_65540",-0.194035267079164,0.0381692375589589
"serB",0.241930460166091,0.0592203650583611
"PA14_65690",-0.12228067488897,0.0788424940726415
"aspP",-0.000654542253394711,0.031793782800752
"thiC",0.0173547492390579,0.044401798699905
"PA14_65750",-0.20185158988941,0.0776616462087802
"PA14_65760",0.065572142991962,0.0791159457473292
"aspC",-0.00413123355258471,0.0336242225264687
"PA14_65795",-0.00413123355258471,0.0336242225264687
"PA14_65810",0.196810112440745,-0.103896943408613
"PA14_65820",0.1718749743701,0.0173782748601404
"PA14_65840",0.0315624893841044,0.0319657792586776
"PA14_65920",-0.172904168461341,0.0212661207259741
"waaA",0.00816160214220761,0.0373068483260087
"PA14_66040",0.1718749743701,0.0173782748601404
"rfaE",0.00816160214220761,0.0373068483260087
"msbA",-0.00667639796129716,-0.0119093172452357
"waaP",0.00816160214220761,0.0373068483260087
"nirN",-0.00753589616203957,-0.089127227616065
"waaG",0.00816160214220761,0.0373068483260087
"waaC",0.00816160214220761,0.0373068483260087
"waaF",0.00816160214220761,0.0373068483260087
"ilvE",0.377507062426019,0.200602043097414
"aceE",0.218694824231404,-0.0436163673535477
"aceF",0.218694824231404,-0.0436163673535477
"nirE",0.0837132300887013,-0.0879979940158494
"metY",-0.0709517501058051,0.075286524417706
"hemE",0.0436176612830405,-0.069519662014813
"gltD",0.0886134342945522,-0.230792062690139
"gltB",0.154346170776845,-0.233821906222444
"nirH",0.0436176612830405,-0.069519662014813
"aroB",0.0810648905397752,0.062040659940212
"aroK",0.0810648905397752,0.062040659940212
"ponA",0.0328574767557745,0.0934971578153433
"maeB",0.126225893808602,-0.0564312535037249
"nirG",0.0436176612830405,-0.069519662014813
"rpmE",-0.132202033019053,-0.0286609071157293
"priA",-0.0435180604659706,0.0263413189983017
"argS",-0.048613933967361,-0.00270969036266921
"phaC1",0.0231560496434009,0.0611089776841832
"nirL",0.0436176612830405,-0.069519662014813
"phaC2",0.0231560496434009,0.0611089776841832
"ubiE",0.065572142991962,0.0791159457473292
"hisI",0.0680505855714817,0.0733221395357834
"PA14_06710",0.0436176612830405,-0.069519662014813
"hisE",0.0680505855714817,0.0733221395357834
"tatA",-0.141577979961039,-0.00644757752532808
"tatB",-0.141577979961039,-0.00644757752532808
"tatC",-0.141577979961039,-0.00644757752532808
"PA14_67010",-0.040255083631466,-0.141267117577856
"PA14_67110",-0.00413123355258471,0.0336242225264687
"PA14_67130",0.0164196269416154,-0.114569502726061
"PA14_67150",-0.00853307942155642,0.050444111259714
"PA14_67230",-0.124568521112034,0.00725666400400901
"hutG",0.0634819616927298,0.00163661290466848
"hutI",-0.00900638402098326,0.0324490492722931
"PA14_67260",-0.00900638402098326,0.0324490492722931
"PA14_67270",-0.00667639796129716,-0.0119093172452357
"nirM",-0.0146456169523449,-0.113434630707236
"PA14_67280",-0.00667639796129716,-0.0119093172452357
"PA14_67300",-0.00667639796129716,-0.0119093172452357
"hutH",-0.00900638402098326,0.0324490492722931
"hutU",-0.00900638402098326,0.0324490492722931
"PA14_67400",-0.00667639796129716,-0.0119093172452357
"nirS",0.0118134133260241,-0.216715279792456
"PA14_67440",-0.00900638402098326,0.0324490492722931
"fbp",0.234965691864288,-0.0137516927192317
"gloA3",0.0386478879712101,-0.0459362864783502
"thiI",0.0506237451210659,0.0870887522221784
"glnA",0.204281504976035,-0.504464445340971
"ntrB",-0.0493131095406772,-0.111539659193755
"ntrC",-0.0493131095406772,-0.111539659193755
"secB",-0.242073013978791,0.0236980169135766
"pgm",0.283647387146325,0.018492044901823
"hisF1",0.0680505855714817,0.0733221395357834
"hisA",0.0680505855714817,0.0733221395357834
"hisH",0.0680505855714817,0.0733221395357834
"hisB",0.0680505855714817,0.0733221395357834
"norC",0.0118134133260241,-0.216715279792456
"mutY",-0.0443462058800071,0.0436132080602524
"PA14_68060",-0.00667639796129716,-0.0119093172452357
"norB",0.0118134133260241,-0.216715279792456
"PA14_68070",-0.00667639796129716,-0.0119093172452357
"PA14_68080",-0.00667639796129716,-0.0119093172452357
"PA14_68090",-0.00667639796129716,-0.0119093172452357
"rmlB",-0.452270250864708,0.380795759047798
"rmlD",-0.259144579999857,0.240682042923098
"rmlA",-0.452270250864708,0.380795759047798
"rmlC",-0.259144579999857,0.240682042923098
"PA14_68230",-0.0493131095406772,-0.111539659193755
"PA14_68250",-0.0493131095406772,-0.111539659193755
"PA14_68260",-0.0493131095406772,-0.111539659193755
"PA14_68280",-0.0493131095406772,-0.111539659193755
"PA14_68290",-0.0493131095406772,-0.111539659193755
"arcA",0.062045440906535,-0.0881750215534883
"arcB",0.1026318558926,-0.072938913546919
"arcC",0.146174931146738,-0.292251685296556
"PA14_68360",0.120384587760963,0.135120949992289
"cysQ",0.130693871391166,0.152326468873171
"nudE",-0.000654542253394711,0.031793782800752
"PA14_68390",0.00621447796785127,0.106134772920599
"PA14_68480",0.0810648905397752,0.062040659940212
"pckA",0.218694824231404,-0.0436163673535477
"envZ",-0.0493131095406772,-0.111539659193755
"ompR",-0.0493131095406772,-0.111539659193755
"gshA",-0.0357706559863957,0.0848951072509334
"argA",0.201571569261043,-0.0510332930360359
"argE",0.201571569261043,-0.0510332930360359
"PA14_68820",-0.124568521112034,0.00725666400400901
"gcvP1",0.177770321351972,0.0380772600975237
"gcvH1",0.177770321351972,0.0380772600975237
"gcvT",0.200141013894849,0.114053743498158
"PA14_68890",-0.00667639796129716,-0.0119093172452357
"PA14_68900",-0.00667639796129716,-0.0119093172452357
"PA14_68955",0.065572142991962,0.0791159457473292
"PA14_06920",0.344045820522572,-0.0261760388384861
"ubiH",0.065572142991962,0.0791159457473292
"PA14_69040",-0.00860867582824468,0.076727258135687
"PA14_69100",-0.0842181172640249,-0.126538831277624
"PA14_69140",-0.103598128989796,0.0842920374282115
"PA14_69150",0.065572142991962,0.0791159457473292
"rho",-0.0212729396969846,0.0433296976766666
"ppx",-0.000654542253394711,0.031793782800752
"ppk",-0.0280352131811213,0.0318044777152032
"hemB",0.0837132300887013,-0.0879979940158494
"PA14_69430",0.0837132300887013,-0.0879979940158494
"phzH",0.0458206525974073,-0.0133260081626308
"hemD",0.0837132300887013,-0.0879979940158494
"hemC",0.0837132300887013,-0.0879979940158494
"algR",-0.0493131095406772,-0.111539659193755
"algZ",-0.0493131095406772,-0.111539659193755
"argH",0.102374907268664,-0.127888786708093
"PA14_69550",-0.124568521112034,0.00725666400400901
"cyaA",-0.000654542253394711,0.031793782800752
"lysA",0.188551852482873,0.0664811191960927
"dapF",0.188551852482873,0.0664811191960927
"PA14_69720",0.0254901547717334,0.0420565168494992
"poxB",0.0386478879712101,-0.0459362864783502
"xpt",0.0358160123530048,0.057430765057673
"dadX",0.203121970375518,0.0773606692874916
"dadA",-0.00853307942155642,0.050444111259714
"PA14_70100",-0.00413123355258471,0.0336242225264687
"PA14_70110",-0.0179004771506454,0.0365903211566522
"PA14_70140",-0.00413123355258471,0.0336242225264687
"PA14_70160",0.179629139873944,0.0991821280148605
"rpmG",-0.132202033019053,-0.0286609071157293
"rpmB",-0.132202033019053,-0.0286609071157293
"PA14_70200",0.00238162794791397,-0.0416367756293358
"coaC",0.0435800510539232,0.0180740917178875
"dut",-0.0539950714275164,0.0203015852437637
"algC",-0.016399907309605,0.242552761447188
"argB",0.201571569261043,-0.0510332930360359
"pyrE",-0.0442712800549052,0.0302789023970326
"crc",-0.0443462058800071,0.0436132080602524
"gmk",-0.000654542253394711,0.031793782800752
"rpoZ",-0.123925045707582,-0.0456063673822908
"spoT",-0.000654542253394711,0.031793782800752
"recG",-0.0435180604659706,0.0263413189983017
"PA14_70620",-0.0413918925911937,-0.130389113896217
"glcF",0.118075100754653,-0.0229030113766875
"glcE",0.118075100754653,-0.0229030113766875
"glcD",0.118075100754653,-0.0229030113766875
"ubiC",0.065572142991962,0.0791159457473292
"ubiA",0.065572142991962,0.0791159457473292
"phoB",-0.0493131095406772,-0.111539659193755
"phoR",-0.0493131095406772,-0.111539659193755
"pstB",-0.00667639796129716,-0.0119093172452357
"pstA",-0.00667639796129716,-0.0119093172452357
"pstC",-0.00667639796129716,-0.0119093172452357
"PA14_70860",0.0164196269416154,-0.114569502726061
"PA14_70930",-0.135470780201961,0.0918226358322318
"betA",0.0213289840001288,0.0352693492325656
"betB",0.0213289840001288,0.0352693492325656
"PA14_71000",-0.00667639796129716,-0.0119093172452357
"PA14_71020",-0.00667639796129716,-0.0119093172452357
"PA14_71030",-0.00667639796129716,-0.0119093172452357
"sdaB",0.10589600888964,0.158661554154371
"metK",0.015829010859271,0.126136931834465
"PA14_71160",-0.00667639796129716,-0.0119093172452357
"cls",-0.0179004771506454,0.0365903211566522
"tktA",0.165017542462318,0.0408330392378091
"ltaA",0.138481522398255,0.0576641074950194
"glyA1",0.274858997472129,0.162676783325902
"soxB",0.0213289840001288,0.0352693492325656
"soxD",0.0213289840001288,0.0352693492325656
"soxA",0.0213289840001288,0.0352693492325656
"soxG",0.0213289840001288,0.0352693492325656
"purU2",0.0224499038129996,0.0362845733200792
"fdhA",0.168200028061878,-0.40867554200141
"PA14_71570",0.0873036820211729,-0.032818895165601
"purK",0.0358160123530048,0.057430765057673
"purE",0.0358160123530048,0.057430765057673
"adhA",0.383851919626678,-1.67526838775395
"aspA",0.176720948627234,-0.0578379203581831
"epd",0.0330792887352687,-0.0311200552607395
"PA14_71720",0.181093757630837,-0.0132889214473612
"PA14_71740",0.181093757630837,-0.0132889214473612
"PA14_71800",0.149888430223051,0.0252281969111984
"pgk",0.175372534038969,-0.00959942218336991
"uvrD",-0.0272735761132822,0.0650142091175683
"PA14_71890",0.231113315265692,0.0574701557521211
"wzt",-0.00667639796129716,-0.0119093172452357
"wzm",-0.00667639796129716,-0.0119093172452357
"wbpW",-0.175902570347276,0.164784534575409
"PA14_00060",0.0494064002935416,-0.0190482601588537
"gmd",-0.0907469923181004,0.0920988410465982
"rmd",-0.0907469923181004,0.0920988410465982
"PA14_72210",-0.116658538489729,0.0544666341695558
"fda",0.275552106850353,0.0014844152873376
"algB",-0.0493131095406772,-0.111539659193755
"PA14_72390",-0.0493131095406772,-0.111539659193755
"dsbA",-0.128538824077739,0.100839586090179
"polA",0.0309577336045377,0.154622493348935
"thrB",0.138481522398255,0.0576641074950194
"PA14_72540",-0.0236702453097902,0.0513445933094631
"PA14_72550",-0.00667639796129716,-0.0119093172452357
"np20",-0.172904168461341,0.0212661207259741
"znuC",-0.00667639796129716,-0.0119093172452357
"znuB",-0.00667639796129716,-0.0119093172452357
"PA14_72620",-0.00667639796129716,-0.0119093172452357
"PA14_72630",-0.00667639796129716,-0.0119093172452357
"PA14_72640",-0.00667639796129716,-0.0119093172452357
"PA14_72690",0.204281504976035,-0.504464445340971
"PA14_72720",-0.0493131095406772,-0.111539659193755
"PA14_72740",-0.0493131095406772,-0.111539659193755
"PA14_72760",-0.116658538489729,0.0544666341695558
"pdxY",0.0330792887352687,-0.0311200552607395
"PA14_72850",0.204281504976035,-0.504464445340971
"PA14_72870",0.0837132300887013,-0.0879979940158494
"PA14_72880",0.179982712428958,0.267745736500838
"amiA",-0.128538824077739,0.100839586090179
"PA14_73050",0.0221461588748876,0.046707633534664
"pyrQ",-0.0442712800549052,0.0302789023970326
"PA14_73150",-0.0593302432231142,0.026960072708669
"glmS",-0.0240398673226145,-0.027668569690925
"glmU",-0.103598128989796,0.0842920374282115
"atpC",-0.0377416418552575,-0.0107744452264108
"atpD",-0.0377416418552575,-0.0107744452264108
"atpG",-0.0377416418552575,-0.0107744452264108
"atpA",-0.0377416418552575,-0.0107744452264108
"atpH",-0.0377416418552575,-0.0107744452264108
"atpF",-0.0377416418552575,-0.0107744452264108
"atpE",-0.0377416418552575,-0.0107744452264108
"atpB",-0.0377416418552575,-0.0107744452264108
"PA14_73410",-0.242073013978791,0.0236980169135766
"rpoD",-0.0842181172640249,-0.126538831277624
"dnaG",-0.0528839593807586,0.0379048492489215
"rpsU",-0.132202033019053,-0.0286609071157293
"PA14_07580",0.0494064002935416,-0.0190482601588537
"folB",0.0221461588748876,0.046707633534664
"PA14_07600",0.0221461588748876,0.046707633534664
"glpE",0.167164425997566,0.177963451130092
"apaH",-0.000654542253394711,0.031793782800752
"PA14_07780",-0.0237829186986778,0.0272813034702486
"PA14_07790",-0.0237829186986778,0.0272813034702486
"PA14_07850",-0.172904168461341,0.0212661207259741
"PA14_07860",-0.172904168461341,0.0212661207259741
"PA14_07870",-0.172904168461341,0.0212661207259741
"PA14_07890",-0.172904168461341,0.0212661207259741
"PA14_07900",-0.172904168461341,0.0212661207259741
"rpe",0.031332080722515,0.12056867364922
"PA14_07930",0.0779795319489917,-0.00442467937565108
"trpE",-0.32335391413368,0.258587026827984
"trpG",-0.32335391413368,0.258587026827984
"trpD",0.0810648905397752,0.062040659940212
"trpC",0.0810648905397752,0.062040659940212
"vfr",-0.271434276194003,-0.0343453534829613
"PA14_00070",0.00816160214220761,0.0373068483260087
"speD",-0.0441036152872689,0.108159972209122
"PA14_08400",0.065572142991962,0.0791159457473292
"PA14_08460",-0.0282821554796367,-0.198236947791419
"PA14_08470",0.0436176612830405,-0.069519662014813
"argC",0.201571569261043,-0.0510332930360359
"PA14_00770",0.0779795319489917,-0.00442467937565108
"anmK",-0.0652126847711466,0.0176510550222654
"tyrZ",-0.048613933967361,-0.00270969036266921
"birA",-0.0175755896821368,0.0977612618334123
"PA14_08630",0.0435800510539232,0.0180740917178875
"secE",-0.242073013978791,0.0236980169135766
"rplK",-0.132202033019053,-0.0286609071157293
"rplA",-0.132202033019053,-0.0286609071157293
"rplJ",-0.132202033019053,-0.0286609071157293
"rplL",-0.132202033019053,-0.0286609071157293
"rpoB",-0.123925045707582,-0.0456063673822908
"rpoC",-0.123925045707582,-0.0456063673822908
"rpsL",-0.132202033019053,-0.0286609071157293
"rpsG",-0.132202033019053,-0.0286609071157293
"rpsJ",-0.132202033019053,-0.0286609071157293
"rplC",-0.132202033019053,-0.0286609071157293
"rplD",-0.132202033019053,-0.0286609071157293
"rplW",-0.132202033019053,-0.0286609071157293
"rplB",-0.132202033019053,-0.0286609071157293
"rpsS",-0.132202033019053,-0.0286609071157293
"rplV",-0.132202033019053,-0.0286609071157293
"rpsC",-0.132202033019053,-0.0286609071157293
"rplP",-0.132202033019053,-0.0286609071157293
"rpmC",-0.132202033019053,-0.0286609071157293
"rpsQ",-0.132202033019053,-0.0286609071157293
"rplN",-0.132202033019053,-0.0286609071157293
"rplX",-0.132202033019053,-0.0286609071157293
"rplE",-0.132202033019053,-0.0286609071157293
"rpsN",-0.132202033019053,-0.0286609071157293
"rpsH",-0.132202033019053,-0.0286609071157293
"rplF",-0.132202033019053,-0.0286609071157293
"rplR",-0.132202033019053,-0.0286609071157293
"rpsE",-0.132202033019053,-0.0286609071157293
"rpmD",-0.132202033019053,-0.0286609071157293
"rplO",-0.132202033019053,-0.0286609071157293
"secY",-0.242073013978791,0.0236980169135766
"rpsM",-0.132202033019053,-0.0286609071157293
"rpsK",-0.132202033019053,-0.0286609071157293
"rpsD",-0.132202033019053,-0.0286609071157293
"rpoA",-0.123925045707582,-0.0456063673822908
"rplQ",-0.132202033019053,-0.0286609071157293
"katA",0.14824515314185,-0.0681491484354304
"bfrA",-0.0440064507684391,-0.114764209872986
"uvrA",-0.0455214439994952,0.0201246959026674
"ssb",-0.00574501751692636,0.118015155175055
"pchA",1.37871939495319,-0.134889749026092
"pchB",0.376126721529873,0.214845033430148
"pchD",0.339656166923474,0.189208051173227
"pchE",0.339656166923474,0.189208051173227
"pchF",0.339656166923474,0.189208051173227
"pchG",0.339656166923474,0.189208051173227
"PA14_09380",-0.116658538489729,0.0544666341695558
"phzS",-0.176806451784851,0.145739818168951
"phzB1",-0.277301485802602,0.175885412607856
"phzA1",-0.277301485802602,0.175885412607856
"phzM",-0.176806451784851,0.145739818168951
"mexI",-0.172904168461341,0.0212661207259741
"mexH",-0.172904168461341,0.0212661207259741
"PA14_09550",0.124431127476252,0.0255969312312398
"PA14_09580",-0.0282821554796367,-0.198236947791419
"ddlA",0.311208219548553,0.106760944485296
"ppkA",-0.246194653747608,0.0543053752758985
"PA14_09690",-0.0493131095406772,-0.111539659193755
"PA14_09710",-0.00413123355258471,0.0336242225264687
"PA14_09730",0.416970453573646,0.183678491081937
"PA14_00890",-0.246194653747608,0.0543053752758985
"PA14_09820",0.471490002147435,0.14852145856868
"PA14_00900",-0.194035267079164,0.0381692375589589
"PA14_09930",-0.0443462058800071,0.0436132080602524
"PA14_00910",-0.246194653747608,0.0543053752758985
"PA14_10040",0.0872853867169984,0.0381144348776439
"fepG",-0.00667639796129716,-0.0119093172452357
"fepD",-0.00667639796129716,-0.0119093172452357
"PA14_00925",-0.124568521112034,0.00725666400400901
"fepB",-0.00667639796129716,-0.0119093172452357
"fepC",-0.00667639796129716,-0.0119093172452357
"adh",-0.0182737164290679,0.0514787292362001
"PA14_10240",0.218694824231404,-0.0436163673535477
"PA14_00940",-0.194035267079164,0.0381692375589589
"PA14_10280",-0.0182737164290679,0.0514787292362001
"PA14_10330",-0.20185158988941,0.0776616462087802
"PA14_10340",-0.00667639796129716,-0.0119093172452357
"PA14_00960",-0.124568521112034,0.00725666400400901
"tyrS",-0.048613933967361,-0.00270969036266921
"PA14_10500",-0.0146456169523449,-0.113434630707236
"PA14_10550",0.130693871391166,0.152326468873171
"PA14_00980",-0.246194653747608,0.0543053752758985
"PA14_10570",0.0380879962297293,-0.193819457886566
"hpcG",0.0380879962297293,-0.193819457886566
"hpcD",0.0868428605191682,-0.586443900445153
"hpcB",0.0868428605191682,-0.586443900445153
"hpcC",0.0868428605191682,-0.586443900445153
"PA14_10640",0.0868428605191682,-0.586443900445153
"PA14_10650",0.0868428605191682,-0.586443900445153
"PA14_10730",-0.0236702453097902,0.0513445933094631
"PA14_10740",-0.00413123355258471,0.0336242225264687
"ampC",-0.116658538489729,0.0544666341695558
"PA14_00990",-0.194035267079164,0.0381692375589589
"ampR",-0.116658538489729,0.0544666341695558
"PA14_10840",0.179982712428958,0.267745736500838
"PA14_10850",0.0213289840001288,0.0352693492325656
"PA14_10900",-0.0182737164290679,0.0514787292362001
"PA14_10920",-0.032313565637929,-0.0273578057139669
"glyS",-0.048613933967361,-0.00270969036266921
"PA14_01010",-0.194035267079164,0.0381692375589589
"hpaC",0.0971180376830119,-0.580752457740897
"hpaA",0.0868428605191682,-0.586443900445153
"PA14_11020",0.179982712428958,0.267745736500838
"PA14_11030",0.0837132300887013,-0.0879979940158494
"PA14_01020",-0.194035267079164,0.0381692375589589
"PA14_11120",-0.0493131095406772,-0.111539659193755
"PA14_01030",-0.246194653747608,0.0543053752758985
"PA14_11190",0.069196295403016,-0.141631913684721
"PA14_11250",-0.259144579999857,0.240682042923098
"PA14_11260",-0.119752684630834,0.113921306830049
"ribD",-0.0750048792460177,0.0722021112884038
"ribC",0.0254901547717334,0.0420565168494992
"ribB",0.0688918906451308,0.0780360584958416
"ribH",0.0254901547717334,0.0420565168494992
"thiL",0.0173547492390579,0.044401798699905
"pgpA",-0.0179004771506454,0.0365903211566522
"ribA",-0.0316031433726204,0.108181652934746
"PA14_11530",-0.00667639796129716,-0.0119093172452357
"dxs",0.0581109525792216,0.0900906530823647
"ispA",0.019500626341654,0.0564169462707812
"xseB",-0.0541612665573767,0.0360100395019704
"PA14_01080",-0.194035267079164,0.0381692375589589
"ppa",-0.0791714079277263,-0.020404693674394
"PA14_01100",-0.246194653747608,0.0543053752758985
"PA14_11760",-0.0179004771506454,0.0365903211566522
"eutB",-0.0179004771506454,0.0365903211566522
"PA14_11810",0.156930938363504,-0.0795059563790038
"PA14_01110",-0.124568521112034,0.00725666400400901
"PA14_11860",0.15185214421657,-0.289497994626487
"PA14_11970",-0.0443462058800071,0.0436132080602524
"proA",0.0890797122489711,0.112493995093329
"nadD",-0.0278414083272677,0.0398812892425367
"pbpA",-0.00857228931669434,0.0838669093673601
